1	974	1
1	537	1
1	85	1
1	102	1
1	829	1
1	872	1
1	388	1
1	916	1
1	238	1
1	207	1
1	929	1
1	392	1
1	93	1
1	377	1
1	194	1
1	227	1
2	550	1
2	731	1
2	581	1
2	419	1
2	711	1
2	476	1
2	112	1
2	395	1
3	382	1
3	904	1
3	861	1
3	669	1
3	598	1
3	853	1
3	153	1
3	619	1
3	844	1
3	851	1
3	296	1
3	954	1
3	586	1
4	905	1
4	64	1
4	735	1
4	839	1
4	337	1
4	132	1
5	606	1
5	897	1
5	610	1
5	79	1
6	386	1
7	911	1
7	123	1
7	565	1
7	131	1
7	234	1
7	337	1
7	647	1
7	692	1
7	47	1
7	859	1
8	789	1
8	619	1
8	785	1
8	318	1
8	328	1
9	406	1
9	567	1
9	489	1
9	324	1
9	190	1
9	713	1
9	545	1
9	383	1
9	873	1
9	62	1
10	276	1
10	126	1
10	406	1
10	656	1
11	728	1
11	946	1
11	537	1
12	263	1
12	153	1
12	736	1
12	863	1
13	694	1
13	145	1
13	530	1
13	243	1
14	488	1
14	855	1
14	458	1
14	870	1
14	275	1
14	897	1
14	92	1
15	95	1
15	379	1
15	292	1
15	546	1
16	460	1
16	445	1
16	850	1
16	615	1
16	76	1
16	606	1
16	312	1
16	454	1
17	635	1
17	981	1
17	453	1
17	176	1
17	21	1
17	308	1
17	462	1
17	162	1
17	220	1
18	657	1
18	679	1
18	139	1
18	851	1
18	986	1
19	861	1
19	654	1
19	128	1
19	16	1
19	195	1
19	864	1
19	289	1
19	250	1
19	875	1
19	78	1
19	2	1
19	943	1
19	660	1
20	982	1
20	262	1
20	150	1
20	301	1
20	955	1
20	580	1
20	588	1
20	94	1
20	290	1
20	310	1
20	123	1
21	511	1
21	75	1
21	438	1
21	835	1
21	692	1
21	17	1
21	125	1
21	329	1
21	609	1
21	345	1
21	221	1
21	273	1
21	923	1
22	882	1
22	506	1
23	790	1
23	859	1
23	242	1
24	230	1
24	855	1
24	394	1
25	513	1
25	73	1
25	40	1
25	253	1
25	701	1
26	174	1
26	41	1
26	801	1
26	931	1
26	688	1
26	333	1
26	35	1
26	289	1
26	355	1
26	603	1
26	15	1
27	303	1
27	886	1
27	626	1
27	204	1
27	628	1
27	494	1
27	519	1
27	167	1
28	105	1
28	424	1
28	74	1
29	21	1
29	881	1
29	802	1
29	214	1
29	59	1
29	520	1
29	402	1
29	1000	1
29	877	1
29	336	1
29	311	1
30	476	1
30	934	1
30	588	1
30	65	1
30	732	1
30	404	1
31	757	1
31	222	1
31	473	1
31	577	1
31	322	1
31	336	1
31	458	1
32	180	1
32	217	1
32	322	1
32	881	1
32	366	1
32	58	1
32	364	1
32	942	1
33	181	1
33	623	1
33	569	1
33	55	1
33	330	1
33	235	1
33	951	1
34	956	1
34	759	1
34	95	1
34	672	1
34	940	1
34	523	1
34	856	1
35	802	1
35	781	1
35	242	1
35	424	1
35	539	1
35	901	1
35	322	1
36	493	1
36	646	1
36	500	1
36	331	1
36	120	1
37	220	1
37	436	1
37	4	1
37	425	1
37	493	1
37	731	1
37	99	1
37	332	1
37	723	1
38	809	1
38	512	1
38	905	1
38	665	1
38	520	1
39	706	1
39	554	1
39	907	1
39	934	1
40	828	1
40	39	1
40	15	1
41	180	1
41	420	1
41	990	1
41	539	1
41	31	1
41	897	1
41	79	1
41	330	1
41	512	1
41	110	1
42	219	1
42	39	1
42	99	1
42	10	1
42	612	1
42	373	1
42	706	1
43	331	1
43	371	1
43	768	1
43	961	1
44	540	1
44	599	1
44	537	1
44	236	1
44	996	1
44	763	1
44	48	1
44	677	1
44	28	1
44	288	1
44	952	1
44	827	1
44	983	1
44	689	1
44	459	1
44	931	1
44	75	1
45	529	1
45	861	1
45	246	1
45	766	1
45	826	1
45	356	1
45	487	1
45	271	1
45	846	1
45	960	1
45	309	1
46	799	1
46	702	1
47	108	1
47	116	1
47	123	1
47	422	1
47	169	1
47	274	1
47	506	1
47	765	1
47	435	1
47	279	1
47	462	1
48	827	1
48	92	1
48	952	1
48	96	1
48	339	1
48	275	1
48	537	1
48	402	1
48	789	1
48	775	1
48	374	1
49	197	1
49	342	1
49	711	1
50	674	1
50	36	1
50	965	1
51	392	1
52	222	1
52	81	1
52	364	1
52	206	1
52	288	1
52	122	1
52	463	1
53	663	1
53	323	1
53	416	1
53	285	1
53	739	1
53	101	1
53	504	1
53	308	1
53	346	1
53	301	1
53	753	1
53	566	1
53	367	1
53	420	1
53	574	1
53	525	1
53	627	1
53	212	1
54	872	1
54	971	1
54	171	1
54	898	1
54	855	1
54	213	1
54	882	1
54	928	1
54	803	1
54	415	1
54	329	1
54	248	1
55	276	1
55	944	1
55	403	1
55	790	1
55	84	1
55	113	1
55	762	1
55	786	1
56	889	1
56	52	1
56	392	1
56	666	1
56	898	1
56	344	1
56	760	1
56	206	1
57	770	1
57	627	1
57	760	1
57	811	1
58	309	1
58	941	1
58	442	1
58	948	1
58	730	1
58	81	1
58	299	1
58	826	1
59	711	1
59	184	1
59	814	1
59	482	1
60	790	1
60	162	1
60	772	1
60	371	1
60	664	1
60	817	1
60	219	1
60	928	1
60	932	1
61	854	1
61	944	1
62	992	1
62	773	1
62	80	1
62	197	1
62	694	1
62	755	1
62	399	1
62	610	1
62	76	1
62	249	1
62	295	1
62	564	1
62	195	1
62	791	1
63	453	1
63	533	1
63	812	1
63	545	1
63	679	1
63	398	1
63	740	1
63	337	1
63	380	1
63	878	1
63	169	1
64	59	1
64	93	1
64	54	1
64	718	1
64	955	1
64	960	1
64	176	1
64	110	1
64	301	1
64	234	1
64	705	1
64	462	1
65	777	1
65	865	1
65	319	1
65	460	1
65	825	1
65	249	1
65	157	1
66	763	1
66	868	1
66	470	1
66	137	1
66	113	1
66	469	1
67	832	1
67	398	1
67	157	1
67	86	1
67	368	1
68	526	1
68	637	1
68	792	1
68	955	1
68	363	1
68	470	1
68	401	1
68	506	1
68	291	1
68	633	1
68	276	1
68	215	1
68	200	1
68	911	1
69	915	1
69	822	1
69	729	1
69	393	1
69	469	1
70	830	1
70	533	1
70	441	1
70	872	1
70	960	1
70	274	1
70	739	1
70	333	1
70	664	1
70	784	1
70	194	1
70	247	1
70	854	1
70	123	1
70	885	1
70	712	1
71	408	1
71	478	1
71	186	1
71	283	1
72	32	1
72	230	1
72	628	1
72	396	1
72	759	1
73	750	1
73	3	1
73	993	1
73	404	1
73	313	1
73	90	1
73	398	1
73	94	1
73	393	1
73	409	1
73	353	1
73	858	1
73	978	1
74	228	1
74	478	1
74	390	1
74	542	1
74	601	1
74	723	1
74	783	1
74	544	1
75	359	1
75	262	1
75	122	1
75	388	1
75	679	1
75	995	1
75	898	1
75	1	1
75	584	1
75	929	1
75	971	1
75	367	1
75	443	1
75	664	1
76	559	1
76	948	1
76	7	1
76	171	1
76	578	1
77	488	1
77	340	1
77	455	1
77	747	1
77	759	1
77	529	1
77	561	1
78	905	1
78	918	1
78	615	1
78	482	1
78	30	1
78	419	1
78	494	1
79	319	1
79	730	1
79	406	1
79	196	1
79	306	1
80	195	1
80	765	1
80	996	1
80	673	1
80	79	1
80	303	1
80	416	1
80	847	1
80	528	1
80	85	1
80	819	1
80	805	1
81	613	1
81	965	1
81	448	1
81	644	1
81	374	1
81	933	1
81	802	1
82	441	1
82	315	1
82	586	1
82	400	1
82	500	1
82	164	1
82	541	1
82	760	1
82	85	1
82	310	1
82	715	1
82	737	1
83	795	1
83	823	1
83	828	1
83	434	1
83	865	1
83	568	1
83	736	1
83	476	1
84	727	1
84	401	1
84	515	1
84	348	1
84	354	1
84	685	1
84	552	1
84	724	1
84	523	1
85	89	1
85	129	1
85	108	1
85	296	1
85	930	1
85	456	1
85	334	1
85	567	1
85	985	1
85	161	1
85	342	1
85	441	1
85	20	1
85	230	1
85	974	1
85	485	1
85	271	1
85	718	1
86	486	1
86	172	1
86	801	1
87	516	1
87	630	1
87	848	1
87	416	1
87	896	1
87	200	1
88	963	1
88	343	1
88	734	1
88	450	1
89	123	1
89	176	1
89	305	1
89	968	1
89	579	1
89	379	1
89	867	1
89	73	1
89	109	1
89	727	1
89	537	1
90	733	1
90	461	1
90	651	1
90	915	1
91	264	1
91	680	1
91	456	1
91	304	1
91	849	1
92	563	1
92	543	1
92	641	1
92	44	1
92	78	1
92	236	1
92	599	1
92	522	1
93	509	1
93	231	1
93	809	1
93	110	1
93	710	1
93	745	1
93	329	1
93	310	1
93	664	1
94	55	1
94	695	1
94	949	1
94	405	1
94	945	1
94	225	1
94	444	1
94	70	1
94	262	1
94	898	1
94	93	1
94	337	1
94	89	1
94	800	1
94	673	1
94	404	1
94	639	1
95	218	1
95	707	1
95	294	1
95	11	1
96	81	1
96	8	1
96	677	1
96	32	1
96	645	1
96	879	1
96	726	1
96	350	1
96	77	1
96	315	1
96	372	1
96	127	1
96	309	1
96	711	1
96	148	1
96	299	1
97	614	1
97	37	1
97	500	1
97	441	1
97	384	1
98	94	1
98	974	1
98	287	1
98	781	1
98	414	1
98	708	1
98	15	1
99	260	1
99	618	1
99	554	1
99	16	1
100	982	1
100	702	1
100	152	1
100	530	1
101	619	1
101	853	1
101	3	1
101	874	1
101	194	1
101	166	1
101	407	1
101	164	1
101	501	1
102	262	1
102	925	1
102	125	1
102	94	1
102	449	1
102	533	1
102	928	1
102	367	1
102	482	1
102	504	1
102	560	1
102	220	1
102	679	1
103	236	1
103	687	1
103	59	1
103	636	1
103	654	1
103	435	1
104	288	1
104	811	1
104	605	1
104	718	1
104	549	1
105	910	1
105	38	1
105	43	1
105	437	1
105	905	1
105	793	1
105	380	1
106	77	1
106	775	1
106	396	1
106	686	1
106	821	1
106	86	1
106	552	1
107	78	1
107	329	1
107	21	1
107	987	1
108	580	1
108	183	1
108	265	1
108	799	1
108	166	1
108	803	1
108	63	1
108	161	1
108	313	1
108	382	1
108	421	1
108	740	1
108	432	1
108	620	1
108	896	1
108	684	1
108	82	1
109	154	1
109	710	1
109	879	1
109	588	1
110	580	1
110	444	1
110	916	1
110	745	1
110	982	1
110	93	1
110	737	1
110	736	1
110	794	1
110	664	1
110	438	1
111	269	1
111	495	1
111	718	1
111	305	1
111	313	1
111	793	1
111	279	1
111	343	1
111	525	1
111	500	1
111	858	1
111	20	1
111	333	1
112	185	1
112	460	1
112	199	1
112	667	1
112	204	1
112	784	1
112	2	1
113	842	1
113	554	1
113	935	1
113	540	1
113	316	1
113	168	1
114	357	1
114	30	1
114	550	1
114	158	1
114	10	1
114	457	1
114	390	1
115	833	1
115	699	1
115	655	1
115	850	1
115	253	1
115	849	1
115	637	1
115	538	1
115	848	1
115	98	1
116	342	1
116	305	1
116	617	1
116	310	1
116	221	1
116	239	1
116	282	1
116	330	1
116	465	1
116	684	1
116	409	1
116	234	1
117	108	1
117	145	1
117	21	1
117	515	1
117	136	1
118	890	1
118	925	1
118	387	1
118	418	1
118	489	1
119	882	1
119	335	1
119	703	1
119	519	1
119	837	1
119	210	1
119	490	1
119	79	1
120	818	1
120	50	1
120	815	1
120	823	1
120	833	1
121	168	1
121	159	1
122	737	1
122	47	1
122	162	1
122	164	1
122	453	1
122	560	1
122	330	1
122	627	1
122	684	1
122	690	1
122	861	1
122	872	1
122	710	1
122	349	1
122	73	1
123	650	1
123	310	1
123	800	1
123	866	1
123	959	1
123	908	1
123	47	1
123	753	1
123	652	1
123	679	1
123	737	1
123	71	1
123	446	1
123	183	1
123	176	1
123	96	1
123	882	1
123	750	1
123	21	1
124	963	1
124	385	1
124	198	1
124	611	1
125	854	1
125	534	1
125	945	1
125	826	1
125	459	1
125	930	1
125	70	1
125	565	1
125	220	1
125	330	1
125	584	1
125	566	1
126	42	1
126	87	1
126	98	1
126	751	1
126	136	1
126	764	1
127	440	1
127	372	1
127	275	1
127	402	1
127	539	1
128	615	1
128	589	1
128	312	1
128	502	1
128	926	1
128	135	1
129	105	1
129	590	1
129	495	1
129	165	1
129	423	1
129	97	1
129	150	1
129	353	1
129	953	1
129	685	1
130	566	1
130	646	1
130	909	1
130	323	1
130	807	1
130	444	1
130	361	1
131	501	1
131	209	1
131	697	1
131	504	1
131	692	1
131	432	1
131	636	1
131	415	1
131	225	1
131	923	1
131	500	1
131	380	1
132	926	1
132	888	1
132	430	1
133	855	1
134	269	1
134	807	1
135	78	1
135	280	1
135	505	1
135	177	1
135	660	1
135	943	1
135	114	1
135	714	1
135	613	1
136	126	1
136	633	1
136	339	1
136	470	1
136	161	1
136	417	1
137	71	1
137	752	1
137	558	1
137	837	1
137	909	1
137	899	1
137	246	1
137	461	1
138	809	1
138	933	1
138	486	1
138	968	1
138	310	1
138	907	1
138	171	1
138	126	1
138	432	1
138	565	1
138	928	1
138	621	1
138	712	1
140	844	1
140	312	1
140	93	1
140	13	1
140	806	1
140	226	1
140	642	1
140	108	1
141	870	1
141	323	1
141	781	1
141	216	1
141	846	1
141	35	1
141	774	1
141	278	1
141	877	1
141	811	1
141	346	1
141	806	1
142	70	1
142	308	1
142	21	1
142	672	1
142	342	1
142	951	1
142	859	1
142	220	1
142	507	1
143	763	1
143	224	1
143	403	1
143	233	1
144	947	1
144	269	1
145	552	1
145	383	1
145	590	1
146	786	1
146	100	1
146	386	1
146	865	1
146	722	1
146	977	1
146	798	1
146	836	1
146	909	1
147	711	1
147	915	1
147	575	1
147	587	1
148	221	1
148	246	1
148	766	1
148	372	1
148	599	1
148	540	1
148	881	1
148	402	1
148	216	1
148	870	1
148	542	1
148	688	1
149	354	1
149	4	1
149	277	1
149	863	1
149	283	1
149	101	1
150	101	1
150	388	1
150	949	1
150	540	1
150	21	1
151	319	1
151	819	1
151	489	1
151	167	1
151	926	1
151	270	1
151	329	1
152	751	1
152	909	1
152	368	1
152	367	1
152	838	1
153	636	1
153	830	1
153	174	1
153	819	1
153	847	1
154	935	1
154	641	1
154	626	1
154	451	1
154	458	1
155	576	1
155	365	1
155	875	1
155	373	1
155	200	1
155	654	1
155	787	1
156	605	1
156	258	1
156	245	1
157	816	1
157	683	1
157	827	1
157	543	1
157	612	1
158	528	1
158	454	1
158	123	1
158	362	1
158	505	1
158	520	1
158	399	1
158	312	1
158	114	1
158	592	1
159	605	1
159	18	1
159	667	1
159	139	1
159	742	1
160	963	1
160	245	1
161	378	1
161	635	1
161	371	1
161	457	1
161	125	1
161	217	1
161	459	1
161	421	1
161	10	1
161	973	1
161	749	1
161	274	1
162	101	1
162	239	1
162	1	1
162	367	1
162	340	1
162	912	1
162	263	1
162	196	1
162	866	1
162	89	1
162	761	1
162	541	1
162	631	1
162	988	1
162	63	1
162	829	1
162	577	1
162	125	1
163	77	1
163	90	1
163	585	1
164	966	1
164	421	1
164	812	1
164	449	1
164	916	1
164	840	1
164	743	1
164	405	1
165	863	1
165	504	1
165	838	1
165	143	1
165	887	1
166	525	1
166	541	1
166	446	1
166	620	1
166	108	1
166	83	1
166	239	1
166	866	1
166	73	1
166	397	1
166	560	1
166	715	1
166	125	1
166	75	1
166	835	1
166	343	1
167	768	1
167	360	1
167	188	1
167	19	1
167	9	1
167	383	1
167	280	1
167	195	1
167	564	1
168	91	1
168	373	1
168	269	1
168	157	1
168	68	1
168	94	1
168	134	1
169	740	1
169	153	1
169	504	1
169	657	1
169	787	1
169	494	1
169	993	1
169	890	1
169	880	1
169	196	1
170	346	1
170	608	1
170	764	1
170	461	1
171	509	1
171	533	1
171	925	1
171	570	1
171	799	1
171	438	1
171	415	1
171	446	1
171	674	1
171	700	1
171	750	1
171	896	1
171	794	1
171	174	1
171	619	1
171	58	1
171	866	1
171	125	1
171	511	1
172	418	1
172	437	1
172	84	1
172	714	1
172	28	1
172	424	1
173	335	1
173	882	1
173	806	1
173	94	1
173	270	1
173	964	1
173	790	1
174	362	1
174	77	1
174	52	1
174	216	1
174	814	1
174	309	1
174	897	1
174	214	1
174	933	1
174	226	1
174	498	1
175	360	1
175	24	1
175	386	1
175	818	1
175	717	1
175	824	1
175	724	1
176	765	1
176	439	1
176	586	1
176	679	1
176	313	1
176	971	1
176	54	1
176	907	1
176	208	1
176	737	1
176	209	1
176	721	1
176	63	1
176	836	1
176	878	1
176	329	1
177	505	1
177	128	1
177	519	1
177	583	1
177	195	1
178	784	1
178	944	1
178	892	1
179	572	1
179	412	1
179	662	1
179	861	1
179	151	1
179	732	1
179	828	1
179	357	1
179	930	1
179	832	1
179	370	1
179	591	1
179	519	1
179	185	1
180	455	1
180	487	1
180	675	1
180	359	1
180	299	1
180	480	1
180	244	1
180	17	1
180	537	1
180	1000	1
181	972	1
181	669	1
181	57	1
181	258	1
181	777	1
181	956	1
181	302	1
181	490	1
182	848	1
182	720	1
182	10	1
182	756	1
182	694	1
182	951	1
182	414	1
182	604	1
183	16	1
183	794	1
183	652	1
183	627	1
183	913	1
183	945	1
183	735	1
183	3	1
184	249	1
184	785	1
184	636	1
184	197	1
184	505	1
185	8	1
185	893	1
185	461	1
185	550	1
185	667	1
185	417	1
185	165	1
185	850	1
185	645	1
186	476	1
186	583	1
186	561	1
186	730	1
186	357	1
186	324	1
186	850	1
187	883	1
187	923	1
187	310	1
187	596	1
187	342	1
187	593	1
187	525	1
187	370	1
187	648	1
187	792	1
187	305	1
187	224	1
187	446	1
187	209	1
187	220	1
187	527	1
188	871	1
188	191	1
188	212	1
188	190	1
188	27	1
188	315	1
188	832	1
189	767	1
189	573	1
189	350	1
189	552	1
189	885	1
190	725	1
190	392	1
190	478	1
190	39	1
190	431	1
190	71	1
190	552	1
191	519	1
191	528	1
191	16	1
191	357	1
191	660	1
191	270	1
191	667	1
191	686	1
191	677	1
192	75	1
192	718	1
192	674	1
192	803	1
192	367	1
192	951	1
192	449	1
192	329	1
192	376	1
192	712	1
193	56	1
193	488	1
193	862	1
194	661	1
194	262	1
194	47	1
194	187	1
194	297	1
194	664	1
194	620	1
194	890	1
194	555	1
194	53	1
194	238	1
194	859	1
194	960	1
194	951	1
195	564	1
195	298	1
195	362	1
195	954	1
195	843	1
196	875	1
196	744	1
196	819	1
196	774	1
196	732	1
196	252	1
196	452	1
196	314	1
196	191	1
197	572	1
197	450	1
197	298	1
197	184	1
197	406	1
198	828	1
198	206	1
198	415	1
198	839	1
199	667	1
199	65	1
199	552	1
199	379	1
200	508	1
200	346	1
200	98	1
200	154	1
200	25	1
200	525	1
200	774	1
200	325	1
200	831	1
200	342	1
200	848	1
200	245	1
200	899	1
200	208	1
201	600	1
201	772	1
201	823	1
201	999	1
202	682	1
202	530	1
202	590	1
202	390	1
202	924	1
202	10	1
203	937	1
203	433	1
203	996	1
203	987	1
203	157	1
203	516	1
203	706	1
203	810	1
203	731	1
203	858	1
204	779	1
204	213	1
204	822	1
204	850	1
204	425	1
204	583	1
205	458	1
205	797	1
205	661	1
205	368	1
205	310	1
205	774	1
205	398	1
205	25	1
205	448	1
205	798	1
206	641	1
206	359	1
206	288	1
206	374	1
206	681	1
206	350	1
206	24	1
206	328	1
206	901	1
207	367	1
207	884	1
207	928	1
207	936	1
207	36	1
207	711	1
207	712	1
207	446	1
207	212	1
207	925	1
207	700	1
208	39	1
208	792	1
208	839	1
208	471	1
208	352	1
208	899	1
209	884	1
209	753	1
209	737	1
209	63	1
209	446	1
209	923	1
209	635	1
209	142	1
209	296	1
209	232	1
209	305	1
209	518	1
209	739	1
210	946	1
210	868	1
210	855	1
210	412	1
210	4	1
210	710	1
210	89	1
210	324	1
211	629	1
211	496	1
211	658	1
211	590	1
211	838	1
211	601	1
212	230	1
212	63	1
212	580	1
212	700	1
212	334	1
212	245	1
212	85	1
212	597	1
212	541	1
212	890	1
212	814	1
212	765	1
212	353	1
213	417	1
213	406	1
213	112	1
213	534	1
213	624	1
213	825	1
213	771	1
213	553	1
213	249	1
213	834	1
213	357	1
213	767	1
214	849	1
214	371	1
214	206	1
214	668	1
214	217	1
214	889	1
214	852	1
214	524	1
214	758	1
214	222	1
215	751	1
215	699	1
215	433	1
215	754	1
215	548	1
215	198	1
215	10	1
215	105	1
216	990	1
216	725	1
216	643	1
216	595	1
216	193	1
216	820	1
216	881	1
216	970	1
216	510	1
216	106	1
217	763	1
217	463	1
217	72	1
217	186	1
217	44	1
217	726	1
217	1000	1
217	14	1
217	948	1
217	662	1
217	187	1
217	677	1
217	8	1
217	862	1
217	142	1
218	550	1
218	911	1
218	335	1
218	321	1
219	505	1
219	602	1
219	127	1
219	350	1
219	681	1
219	897	1
219	814	1
219	193	1
219	180	1
219	617	1
219	942	1
220	835	1
220	315	1
220	966	1
220	867	1
220	462	1
220	649	1
220	194	1
220	501	1
220	164	1
220	829	1
220	620	1
220	794	1
220	859	1
220	409	1
220	187	1
221	353	1
221	1	1
221	138	1
221	142	1
221	907	1
221	345	1
221	937	1
221	810	1
221	859	1
221	239	1
221	220	1
221	603	1
221	628	1
221	586	1
221	958	1
221	93	1
222	230	1
222	81	1
222	941	1
222	593	1
222	56	1
222	297	1
222	280	1
222	781	1
222	219	1
222	359	1
222	216	1
222	193	1
222	952	1
222	897	1
222	777	1
223	662	1
223	691	1
223	711	1
223	361	1
223	469	1
223	609	1
224	138	1
224	482	1
224	712	1
224	890	1
224	993	1
224	464	1
224	854	1
224	89	1
224	501	1
224	718	1
224	928	1
224	64	1
225	407	1
225	945	1
225	830	1
225	533	1
225	25	1
225	429	1
225	737	1
225	917	1
225	753	1
225	409	1
225	672	1
225	122	1
225	73	1
225	411	1
225	715	1
225	232	1
225	297	1
226	582	1
226	84	1
226	905	1
226	901	1
226	506	1
227	305	1
227	349	1
227	630	1
227	620	1
227	541	1
227	803	1
227	73	1
227	345	1
227	648	1
227	867	1
227	884	1
227	382	1
227	64	1
227	702	1
227	54	1
228	353	1
228	946	1
228	473	1
228	775	1
228	477	1
228	556	1
228	433	1
228	602	1
229	15	1
229	725	1
229	596	1
229	426	1
230	973	1
230	596	1
230	721	1
230	192	1
230	305	1
230	108	1
230	349	1
230	898	1
230	438	1
230	116	1
230	565	1
230	462	1
230	676	1
231	988	1
231	929	1
231	715	1
231	616	1
231	380	1
231	166	1
231	968	1
231	907	1
232	212	1
232	1	1
232	980	1
232	547	1
232	985	1
232	183	1
232	715	1
232	622	1
232	256	1
232	884	1
232	584	1
232	973	1
232	231	1
232	101	1
232	913	1
232	555	1
233	518	1
233	965	1
233	384	1
233	421	1
233	204	1
233	532	1
233	98	1
233	408	1
233	997	1
233	50	1
234	220	1
234	620	1
234	334	1
234	989	1
234	323	1
234	565	1
234	718	1
234	225	1
234	914	1
234	85	1
235	616	1
235	242	1
235	884	1
235	23	1
235	267	1
235	622	1
235	626	1
236	216	1
236	677	1
236	127	1
236	141	1
236	629	1
236	811	1
236	557	1
236	31	1
236	356	1
236	299	1
236	512	1
237	348	1
237	4	1
237	232	1
237	888	1
237	38	1
237	860	1
237	132	1
237	511	1
237	451	1
238	572	1
238	220	1
238	753	1
238	607	1
238	301	1
238	527	1
238	446	1
238	501	1
238	620	1
239	453	1
239	3	1
239	273	1
239	794	1
239	225	1
239	209	1
239	122	1
239	432	1
239	482	1
239	458	1
239	560	1
239	265	1
239	620	1
240	112	1
240	810	1
240	370	1
240	760	1
240	511	1
240	727	1
241	13	1
241	395	1
241	647	1
242	786	1
242	770	1
243	346	1
243	819	1
243	998	1
243	561	1
243	930	1
244	477	1
244	946	1
244	24	1
244	967	1
245	746	1
245	156	1
245	313	1
245	719	1
245	951	1
245	323	1
245	273	1
245	388	1
245	446	1
245	391	1
245	527	1
245	800	1
245	500	1
245	968	1
245	610	1
246	174	1
246	372	1
246	651	1
246	184	1
246	688	1
246	919	1
246	359	1
246	87	1
247	448	1
247	775	1
247	986	1
247	36	1
247	642	1
248	421	1
248	234	1
248	20	1
248	925	1
248	993	1
248	53	1
248	621	1
248	614	1
248	619	1
248	301	1
249	33	1
249	903	1
249	660	1
249	615	1
249	417	1
250	999	1
250	819	1
250	19	1
250	834	1
250	528	1
250	128	1
251	58	1
251	275	1
251	458	1
251	879	1
251	328	1
251	689	1
252	957	1
252	92	1
252	801	1
252	79	1
252	729	1
252	117	1
252	632	1
252	615	1
253	42	1
253	616	1
253	690	1
253	87	1
253	708	1
254	674	1
254	153	1
254	218	1
254	154	1
254	229	1
254	157	1
255	24	1
255	265	1
255	426	1
255	181	1
255	840	1
255	569	1
256	941	1
256	983	1
256	19	1
256	296	1
256	478	1
256	211	1
256	20	1
256	763	1
256	860	1
257	745	1
257	259	1
257	546	1
257	646	1
257	618	1
258	845	1
258	925	1
258	605	1
258	143	1
258	668	1
258	597	1
258	998	1
259	831	1
259	313	1
259	672	1
260	109	1
260	986	1
260	563	1
260	18	1
260	201	1
261	190	1
261	288	1
261	877	1
261	697	1
261	599	1
261	350	1
261	806	1
261	701	1
261	567	1
261	148	1
262	123	1
262	131	1
262	435	1
262	853	1
262	635	1
262	459	1
262	248	1
262	529	1
262	448	1
262	854	1
263	187	1
263	277	1
263	349	1
263	102	1
263	627	1
263	890	1
263	830	1
263	674	1
263	234	1
264	592	1
264	566	1
264	966	1
265	17	1
265	444	1
265	227	1
265	509	1
265	907	1
265	534	1
265	432	1
265	232	1
265	983	1
265	407	1
265	570	1
265	20	1
265	630	1
265	555	1
265	238	1
266	659	1
266	326	1
266	625	1
267	302	1
267	153	1
267	73	1
267	902	1
267	935	1
267	669	1
268	539	1
268	763	1
268	52	1
268	668	1
268	733	1
268	91	1
268	350	1
268	705	1
268	127	1
269	990	1
269	979	1
269	531	1
269	747	1
269	743	1
269	244	1
269	519	1
270	802	1
270	817	1
271	785	1
271	826	1
271	777	1
271	56	1
271	942	1
271	577	1
271	473	1
271	268	1
271	328	1
272	251	1
272	638	1
272	963	1
272	367	1
272	531	1
273	866	1
273	70	1
273	916	1
273	263	1
273	718	1
273	858	1
273	440	1
273	382	1
273	884	1
273	459	1
273	262	1
273	507	1
273	446	1
273	274	1
273	959	1
273	642	1
274	262	1
274	648	1
274	164	1
274	380	1
274	238	1
274	907	1
274	63	1
274	150	1
274	993	1
274	809	1
275	236	1
275	996	1
275	788	1
275	365	1
275	29	1
275	312	1
276	210	1
276	118	1
277	767	1
277	55	1
277	665	1
277	237	1
277	335	1
277	629	1
277	498	1
278	862	1
278	487	1
278	219	1
278	392	1
278	463	1
278	933	1
279	988	1
279	248	1
279	982	1
279	696	1
279	93	1
279	580	1
279	809	1
280	404	1
280	662	1
280	383	1
280	319	1
280	489	1
280	581	1
280	553	1
280	568	1
280	251	1
280	357	1
280	610	1
281	920	1
281	835	1
281	668	1
281	831	1
281	997	1
282	39	1
282	227	1
282	689	1
282	694	1
282	64	1
282	618	1
282	756	1
283	772	1
283	851	1
283	123	1
283	60	1
283	980	1
283	377	1
283	308	1
284	449	1
284	739	1
284	904	1
284	239	1
284	70	1
284	866	1
284	122	1
284	854	1
284	194	1
284	533	1
284	432	1
284	907	1
284	565	1
284	393	1
285	560	1
285	735	1
285	459	1
285	854	1
285	746	1
285	63	1
285	923	1
285	914	1
285	349	1
285	311	1
285	333	1
285	347	1
286	39	1
286	605	1
287	955	1
287	464	1
287	883	1
287	822	1
287	99	1
287	153	1
287	907	1
287	601	1
287	50	1
288	726	1
288	193	1
288	879	1
288	766	1
288	106	1
288	141	1
288	45	1
288	807	1
288	47	1
289	106	1
289	448	1
289	929	1
289	81	1
289	688	1
289	224	1
289	814	1
289	271	1
289	577	1
289	518	1
290	903	1
290	177	1
290	151	1
290	631	1
290	331	1
290	186	1
290	572	1
290	324	1
291	791	1
291	414	1
291	937	1
291	200	1
291	411	1
291	131	1
291	8	1
291	331	1
292	500	1
292	105	1
292	452	1
292	167	1
292	431	1
292	160	1
293	153	1
293	61	1
293	344	1
294	742	1
294	423	1
294	799	1
294	416	1
294	471	1
294	389	1
294	632	1
295	631	1
295	873	1
295	128	1
295	762	1
295	16	1
295	736	1
296	586	1
296	501	1
296	500	1
296	248	1
296	880	1
296	301	1
296	111	1
296	928	1
296	343	1
296	353	1
297	664	1
297	416	1
297	234	1
297	513	1
297	908	1
297	674	1
297	208	1
297	73	1
297	600	1
297	301	1
297	446	1
297	735	1
297	329	1
298	886	1
298	135	1
298	381	1
298	624	1
298	773	1
299	72	1
299	942	1
299	804	1
299	873	1
299	613	1
299	372	1
299	599	1
299	665	1
299	992	1
300	743	1
300	530	1
300	875	1
300	667	1
300	188	1
300	808	1
301	648	1
301	3	1
301	739	1
301	887	1
301	421	1
301	495	1
301	17	1
301	669	1
301	415	1
301	741	1
301	73	1
301	167	1
302	460	1
302	255	1
302	550	1
302	19	1
302	847	1
302	197	1
302	745	1
302	956	1
302	489	1
302	660	1
302	312	1
302	819	1
303	916	1
303	730	1
303	591	1
303	298	1
303	771	1
303	925	1
303	542	1
303	177	1
303	186	1
303	850	1
303	78	1
304	873	1
304	778	1
304	46	1
304	734	1
304	918	1
304	519	1
304	474	1
305	504	1
305	111	1
305	925	1
305	122	1
305	64	1
305	615	1
305	101	1
305	391	1
305	313	1
305	859	1
305	945	1
305	659	1
305	799	1
305	650	1
306	191	1
306	495	1
306	319	1
306	288	1
306	419	1
306	128	1
306	16	1
307	235	1
307	437	1
307	816	1
308	500	1
308	809	1
308	684	1
308	212	1
308	907	1
308	162	1
308	812	1
308	108	1
308	988	1
308	652	1
309	689	1
309	610	1
309	327	1
309	372	1
309	59	1
309	261	1
310	968	1
310	898	1
310	712	1
310	859	1
310	635	1
310	985	1
310	20	1
310	982	1
310	63	1
310	617	1
311	757	1
311	766	1
311	996	1
311	156	1
311	524	1
311	814	1
311	992	1
311	809	1
311	305	1
311	217	1
311	364	1
311	83	1
312	348	1
312	452	1
312	825	1
312	362	1
312	417	1
312	355	1
312	553	1
312	445	1
312	610	1
312	249	1
313	555	1
313	106	1
313	367	1
313	289	1
313	925	1
313	854	1
313	67	1
313	65	1
313	53	1
313	679	1
313	111	1
313	879	1
313	534	1
313	54	1
313	980	1
313	323	1
314	10	1
314	713	1
314	489	1
314	505	1
314	658	1
314	476	1
314	550	1
314	530	1
315	809	1
315	194	1
315	225	1
315	907	1
315	221	1
315	527	1
315	296	1
315	108	1
315	793	1
315	854	1
315	978	1
315	885	1
316	724	1
316	612	1
316	378	1
316	934	1
316	354	1
316	699	1
316	565	1
316	796	1
316	42	1
317	849	1
317	673	1
318	352	1
318	174	1
318	758	1
318	26	1
318	777	1
318	473	1
318	952	1
318	879	1
319	583	1
319	77	1
319	606	1
319	65	1
319	266	1
319	459	1
319	660	1
319	667	1
319	103	1
319	564	1
319	716	1
320	685	1
320	731	1
320	728	1
320	358	1
320	424	1
321	485	1
321	324	1
321	240	1
321	344	1
322	625	1
322	495	1
322	72	1
322	247	1
322	518	1
322	996	1
322	264	1
322	668	1
322	747	1
322	613	1
322	275	1
323	791	1
323	367	1
323	162	1
323	415	1
323	916	1
323	749	1
323	315	1
323	800	1
323	194	1
323	235	1
323	995	1
323	438	1
323	913	1
324	494	1
324	62	1
324	546	1
324	718	1
324	305	1
324	873	1
324	188	1
325	333	1
325	876	1
325	775	1
326	805	1
326	556	1
327	206	1
327	455	1
327	325	1
327	561	1
327	442	1
327	387	1
327	35	1
328	640	1
328	539	1
328	372	1
328	577	1
328	269	1
328	310	1
328	933	1
328	356	1
328	8	1
328	488	1
329	500	1
329	960	1
329	907	1
329	620	1
329	628	1
329	341	1
329	54	1
329	527	1
329	111	1
329	910	1
329	245	1
329	870	1
329	652	1
329	398	1
329	650	1
329	310	1
329	311	1
330	570	1
330	333	1
330	652	1
330	800	1
330	301	1
330	265	1
330	958	1
330	659	1
330	1	1
331	378	1
331	677	1
331	698	1
331	481	1
332	344	1
332	486	1
332	485	1
332	256	1
332	458	1
332	387	1
333	664	1
333	313	1
333	464	1
333	3	1
333	800	1
333	514	1
333	598	1
333	265	1
333	92	1
334	917	1
334	17	1
334	125	1
334	108	1
334	492	1
334	398	1
334	617	1
334	354	1
334	690	1
334	619	1
334	635	1
334	507	1
334	330	1
334	621	1
334	187	1
334	102	1
334	380	1
335	650	1
336	328	1
336	846	1
336	645	1
336	495	1
336	901	1
336	45	1
336	19	1
336	673	1
336	512	1
336	689	1
336	960	1
336	482	1
337	192	1
337	560	1
337	333	1
337	313	1
337	82	1
337	679	1
337	110	1
337	125	1
337	987	1
338	292	1
338	523	1
338	952	1
338	258	1
338	5	1
338	361	1
338	364	1
338	346	1
339	393	1
339	470	1
339	955	1
339	844	1
339	868	1
339	494	1
339	722	1
339	137	1
340	777	1
340	933	1
340	372	1
340	814	1
340	890	1
340	96	1
341	200	1
341	184	1
342	504	1
342	441	1
342	993	1
342	491	1
342	101	1
342	618	1
342	24	1
343	219	1
343	809	1
343	710	1
343	349	1
343	740	1
343	73	1
343	54	1
343	68	1
343	108	1
344	51	1
344	240	1
344	414	1
344	749	1
344	964	1
345	111	1
345	397	1
345	527	1
345	93	1
345	459	1
345	925	1
345	659	1
345	973	1
345	367	1
345	500	1
345	584	1
345	150	1
346	104	1
346	786	1
346	409	1
346	467	1
346	964	1
346	701	1
346	927	1
346	639	1
346	160	1
346	549	1
347	949	1
347	679	1
347	334	1
347	753	1
347	247	1
347	973	1
347	393	1
347	866	1
347	313	1
347	890	1
347	102	1
347	274	1
348	798	1
348	401	1
348	682	1
348	420	1
348	289	1
348	652	1
348	549	1
349	684	1
349	368	1
349	746	1
349	635	1
349	465	1
349	274	1
349	527	1
349	196	1
349	909	1
349	533	1
349	89	1
349	63	1
349	988	1
349	989	1
349	895	1
350	828	1
350	681	1
350	529	1
350	495	1
350	933	1
350	840	1
350	484	1
350	763	1
351	170	1
351	338	1
351	674	1
352	213	1
352	196	1
352	250	1
352	864	1
352	823	1
352	729	1
352	546	1
352	900	1
352	965	1
352	151	1
352	363	1
352	660	1
352	957	1
352	628	1
353	454	1
353	541	1
353	765	1
353	700	1
353	108	1
353	501	1
353	388	1
353	310	1
353	453	1
353	916	1
353	125	1
353	254	1
353	534	1
353	949	1
353	438	1
354	804	1
354	601	1
354	983	1
354	709	1
354	564	1
354	702	1
355	725	1
355	562	1
355	284	1
355	692	1
355	555	1
355	366	1
355	386	1
355	775	1
355	289	1
355	365	1
356	996	1
356	540	1
356	246	1
356	686	1
356	217	1
356	366	1
356	488	1
356	251	1
356	577	1
356	315	1
357	287	1
357	313	1
357	564	1
357	450	1
357	785	1
357	337	1
357	559	1
357	452	1
357	850	1
357	312	1
357	775	1
357	582	1
357	2	1
357	252	1
358	714	1
358	172	1
358	277	1
358	94	1
358	905	1
358	74	1
359	794	1
359	811	1
359	651	1
359	440	1
359	625	1
359	372	1
359	504	1
359	271	1
359	177	1
360	615	1
360	185	1
360	743	1
360	593	1
360	231	1
360	65	1
360	452	1
361	50	1
361	815	1
361	997	1
361	413	1
361	965	1
362	832	1
362	383	1
362	28	1
362	112	1
362	59	1
362	660	1
362	406	1
363	253	1
363	66	1
363	433	1
364	879	1
364	350	1
364	942	1
364	811	1
364	969	1
364	448	1
364	781	1
364	644	1
364	557	1
364	537	1
364	897	1
364	52	1
364	473	1
365	524	1
365	540	1
365	881	1
365	206	1
365	990	1
365	219	1
366	487	1
366	473	1
366	484	1
366	142	1
366	174	1
366	389	1
366	49	1
366	328	1
367	896	1
367	417	1
367	388	1
367	405	1
367	183	1
367	928	1
367	655	1
367	462	1
367	907	1
367	347	1
367	753	1
368	120	1
368	805	1
368	797	1
368	330	1
368	275	1
368	891	1
369	985	1
369	959	1
369	401	1
369	456	1
369	269	1
369	807	1
369	273	1
370	114	1
370	736	1
370	30	1
370	794	1
370	519	1
370	484	1
370	157	1
370	581	1
370	773	1
371	427	1
371	91	1
371	965	1
371	589	1
372	916	1
372	525	1
372	442	1
372	364	1
372	254	1
372	96	1
372	758	1
373	706	1
373	558	1
373	992	1
373	339	1
373	753	1
374	696	1
374	483	1
374	757	1
374	473	1
374	144	1
374	933	1
374	107	1
374	96	1
375	670	1
375	379	1
375	153	1
375	600	1
375	10	1
376	136	1
376	936	1
376	99	1
376	633	1
376	370	1
376	694	1
376	39	1
377	243	1
377	698	1
377	493	1
377	422	1
378	771	1
378	997	1
378	987	1
379	465	1
379	894	1
379	699	1
379	824	1
379	670	1
379	779	1
379	57	1
379	15	1
380	690	1
380	245	1
380	194	1
380	922	1
380	971	1
380	929	1
380	263	1
380	587	1
380	272	1
381	562	1
381	779	1
381	320	1
382	960	1
382	980	1
382	800	1
382	695	1
382	929	1
382	584	1
382	971	1
382	534	1
383	667	1
383	438	1
383	370	1
383	312	1
383	80	1
383	476	1
383	873	1
383	219	1
383	9	1
383	180	1
383	83	1
383	303	1
384	417	1
384	332	1
384	38	1
384	714	1
384	515	1
384	675	1
384	29	1
384	211	1
385	688	1
385	83	1
385	538	1
385	924	1
385	704	1
386	687	1
386	571	1
386	116	1
386	722	1
386	178	1
386	147	1
387	84	1
387	420	1
387	838	1
387	582	1
387	497	1
387	496	1
387	277	1
387	469	1
387	339	1
388	712	1
388	922	1
388	432	1
388	715	1
388	866	1
388	486	1
388	187	1
388	194	1
388	635	1
388	116	1
388	740	1
389	608	1
389	893	1
389	199	1
390	189	1
390	888	1
390	783	1
390	905	1
390	573	1
390	311	1
390	860	1
390	838	1
390	977	1
390	320	1
390	333	1
390	430	1
391	541	1
391	812	1
391	7	1
391	763	1
391	279	1
391	161	1
391	101	1
391	407	1
391	695	1
391	708	1
391	960	1
391	220	1
391	239	1
392	696	1
392	442	1
392	852	1
392	56	1
392	809	1
392	641	1
392	35	1
392	788	1
392	236	1
393	279	1
393	794	1
393	859	1
393	270	1
393	220	1
393	126	1
393	925	1
393	978	1
393	349	1
393	3	1
393	584	1
393	973	1
393	949	1
394	266	1
394	767	1
394	717	1
394	16	1
394	139	1
394	6	1
394	479	1
394	73	1
395	413	1
395	495	1
395	997	1
396	230	1
396	681	1
396	996	1
396	595	1
396	268	1
397	949	1
397	234	1
397	916	1
397	171	1
397	652	1
397	617	1
397	230	1
397	438	1
397	200	1
397	343	1
397	284	1
397	574	1
398	176	1
398	501	1
398	68	1
398	166	1
398	284	1
399	683	1
399	472	1
400	678	1
400	617	1
400	809	1
400	951	1
400	376	1
401	555	1
401	172	1
401	84	1
401	497	1
401	348	1
401	621	1
401	642	1
401	486	1
401	695	1
401	598	1
402	6	1
402	10	1
402	174	1
402	327	1
402	268	1
402	615	1
402	802	1
402	747	1
402	336	1
403	206	1
403	663	1
403	310	1
403	730	1
403	205	1
403	868	1
403	516	1
404	748	1
404	319	1
404	786	1
405	630	1
405	78	1
405	432	1
405	958	1
405	890	1
405	409	1
405	613	1
405	962	1
405	305	1
405	945	1
406	166	1
406	568	1
406	819	1
406	757	1
406	674	1
407	90	1
407	441	1
407	706	1
407	7	1
407	225	1
407	806	1
407	664	1
407	929	1
407	750	1
407	710	1
408	106	1
408	475	1
408	468	1
408	463	1
408	474	1
408	932	1
408	658	1
409	534	1
409	974	1
409	959	1
409	749	1
409	541	1
409	989	1
409	854	1
409	459	1
409	695	1
409	513	1
409	453	1
409	393	1
409	966	1
410	497	1
410	896	1
410	924	1
410	334	1
410	286	1
410	160	1
410	947	1
411	421	1
411	487	1
411	836	1
411	694	1
411	91	1
411	445	1
411	36	1
412	807	1
412	920	1
413	799	1
413	493	1
413	823	1
413	13	1
414	934	1
414	157	1
414	622	1
414	937	1
414	511	1
414	822	1
415	54	1
415	907	1
415	958	1
415	923	1
415	995	1
415	217	1
415	393	1
415	262	1
415	681	1
415	500	1
415	207	1
415	527	1
415	462	1
415	212	1
415	265	1
415	183	1
416	923	1
416	617	1
416	980	1
416	432	1
416	514	1
416	621	1
416	89	1
416	721	1
416	648	1
416	765	1
416	533	1
417	744	1
417	850	1
417	470	1
417	346	1
417	591	1
417	296	1
417	730	1
417	158	1
417	16	1
417	743	1
417	937	1
417	961	1
417	185	1
417	335	1
417	505	1
417	213	1
417	15	1
417	581	1
418	634	1
418	88	1
418	497	1
418	190	1
418	837	1
419	314	1
419	631	1
419	122	1
419	202	1
419	553	1
419	703	1
419	633	1
419	984	1
420	418	1
420	431	1
420	190	1
420	302	1
420	831	1
420	977	1
420	316	1
421	59	1
421	459	1
421	650	1
421	465	1
421	118	1
421	192	1
421	10	1
421	700	1
421	896	1
421	305	1
421	464	1
421	621	1
421	674	1
421	580	1
421	749	1
422	671	1
422	233	1
422	921	1
423	270	1
423	677	1
423	499	1
423	141	1
424	437	1
424	243	1
424	420	1
424	28	1
424	889	1
424	109	1
424	762	1
424	809	1
424	45	1
425	190	1
425	37	1
425	64	1
425	420	1
425	283	1
425	844	1
426	892	1
426	788	1
426	767	1
426	109	1
427	104	1
427	239	1
428	377	1
428	165	1
428	771	1
428	321	1
428	891	1
429	231	1
429	22	1
429	23	1
429	770	1
429	426	1
429	19	1
429	761	1
429	344	1
429	882	1
430	82	1
430	353	1
430	783	1
430	387	1
430	937	1
430	785	1
430	114	1
431	4	1
431	793	1
431	418	1
431	105	1
432	243	1
432	482	1
432	398	1
432	656	1
432	792	1
432	176	1
432	880	1
432	949	1
432	779	1
432	534	1
432	397	1
432	596	1
432	405	1
432	914	1
433	362	1
433	878	1
433	548	1
433	837	1
433	534	1
434	551	1
434	379	1
434	943	1
434	644	1
434	648	1
434	670	1
434	822	1
435	333	1
435	3	1
435	102	1
435	809	1
435	740	1
435	399	1
435	621	1
435	465	1
435	560	1
435	234	1
436	981	1
436	401	1
436	629	1
437	426	1
437	105	1
437	320	1
437	634	1
437	149	1
437	983	1
437	474	1
438	85	1
438	820	1
438	347	1
438	908	1
438	857	1
438	690	1
438	221	1
438	21	1
438	398	1
438	679	1
438	794	1
438	617	1
438	82	1
439	896	1
439	3	1
439	231	1
439	490	1
439	750	1
439	263	1
439	702	1
439	648	1
439	1	1
439	880	1
439	482	1
439	837	1
439	411	1
439	617	1
439	503	1
439	162	1
439	147	1
440	522	1
440	588	1
440	697	1
440	643	1
440	214	1
441	746	1
441	674	1
441	95	1
441	925	1
441	231	1
441	110	1
441	600	1
441	156	1
441	435	1
441	108	1
441	405	1
441	934	1
441	954	1
442	148	1
442	396	1
442	969	1
442	44	1
442	897	1
442	299	1
442	388	1
442	539	1
443	913	1
443	664	1
443	974	1
443	898	1
443	421	1
443	904	1
443	238	1
443	750	1
443	878	1
443	412	1
444	262	1
444	345	1
444	407	1
444	439	1
444	834	1
444	453	1
444	584	1
444	465	1
444	867	1
444	632	1
444	690	1
444	310	1
444	580	1
445	23	1
445	519	1
445	743	1
445	991	1
445	302	1
445	460	1
445	716	1
446	232	1
446	409	1
446	866	1
446	765	1
446	959	1
446	116	1
446	988	1
446	829	1
446	353	1
446	122	1
446	904	1
446	721	1
446	56	1
446	159	1
446	852	1
446	297	1
446	73	1
446	462	1
446	85	1
446	123	1
446	854	1
447	143	1
447	826	1
447	444	1
448	705	1
448	928	1
448	763	1
448	474	1
448	327	1
448	487	1
448	577	1
448	345	1
448	32	1
448	25	1
448	766	1
448	862	1
448	31	1
449	570	1
449	234	1
449	239	1
449	393	1
449	617	1
449	636	1
449	305	1
449	803	1
449	620	1
449	111	1
449	574	1
449	765	1
450	78	1
450	185	1
450	832	1
450	346	1
451	981	1
451	708	1
451	332	1
451	384	1
451	105	1
452	357	1
452	716	1
452	526	1
452	559	1
452	386	1
452	128	1
452	300	1
452	360	1
453	187	1
453	974	1
453	999	1
453	330	1
453	382	1
453	896	1
453	794	1
453	890	1
453	574	1
453	230	1
454	306	1
454	300	1
454	630	1
454	65	1
454	865	1
454	76	1
455	942	1
455	442	1
455	495	1
455	747	1
455	599	1
455	250	1
455	275	1
455	44	1
455	483	1
455	271	1
456	411	1
456	589	1
456	213	1
456	952	1
456	527	1
456	24	1
456	334	1
456	758	1
457	41	1
457	250	1
457	875	1
457	628	1
457	771	1
458	261	1
458	688	1
458	923	1
458	901	1
458	677	1
458	271	1
458	580	1
458	8	1
458	309	1
458	80	1
458	629	1
458	364	1
459	958	1
459	329	1
459	853	1
459	605	1
459	342	1
459	297	1
459	848	1
459	501	1
459	812	1
459	368	1
459	367	1
459	305	1
459	187	1
460	964	1
460	184	1
460	19	1
460	249	1
460	84	1
460	843	1
460	100	1
461	724	1
461	568	1
461	166	1
461	354	1
461	639	1
461	440	1
462	850	1
462	878	1
462	988	1
462	15	1
462	416	1
462	598	1
462	721	1
462	960	1
462	310	1
462	715	1
462	116	1
463	477	1
463	522	1
463	933	1
463	251	1
463	26	1
464	63	1
464	468	1
464	534	1
464	214	1
464	745	1
464	388	1
464	169	1
464	75	1
464	89	1
464	989	1
464	393	1
465	64	1
465	858	1
465	960	1
465	443	1
465	343	1
465	880	1
465	584	1
465	951	1
465	580	1
466	247	1
466	736	1
466	559	1
466	591	1
466	729	1
466	445	1
466	112	1
466	581	1
466	923	1
467	36	1
467	883	1
467	764	1
467	644	1
467	291	1
467	68	1
467	620	1
467	921	1
467	989	1
468	869	1
468	657	1
468	408	1
468	374	1
468	732	1
468	547	1
469	459	1
469	576	1
470	92	1
470	970	1
470	223	1
470	937	1
470	49	1
470	554	1
470	157	1
471	478	1
471	862	1
471	294	1
471	270	1
471	474	1
471	919	1
471	46	1
471	921	1
472	366	1
472	499	1
472	741	1
472	835	1
472	468	1
473	777	1
473	402	1
473	534	1
473	408	1
473	841	1
473	381	1
473	135	1
473	72	1
473	862	1
473	105	1
473	826	1
473	364	1
474	700	1
474	705	1
474	847	1
475	367	1
475	47	1
475	408	1
475	703	1
475	510	1
475	64	1
475	192	1
475	782	1
476	873	1
476	78	1
476	80	1
476	65	1
477	402	1
477	624	1
478	446	1
479	933	1
479	44	1
479	686	1
479	763	1
479	852	1
479	638	1
479	518	1
479	62	1
479	127	1
479	520	1
480	232	1
480	728	1
480	979	1
480	210	1
480	180	1
480	140	1
481	303	1
481	970	1
482	337	1
482	968	1
482	24	1
482	218	1
482	993	1
482	617	1
482	526	1
482	652	1
482	988	1
482	664	1
482	635	1
482	73	1
482	349	1
483	599	1
483	518	1
483	931	1
483	814	1
483	886	1
483	993	1
483	758	1
484	458	1
484	271	1
484	374	1
484	814	1
484	174	1
484	488	1
484	990	1
484	356	1
484	969	1
484	463	1
484	58	1
485	530	1
486	3	1
486	726	1
486	983	1
486	642	1
486	535	1
486	1000	1
486	715	1
486	451	1
486	105	1
487	458	1
487	402	1
487	879	1
487	45	1
487	26	1
487	148	1
487	214	1
487	246	1
487	781	1
487	236	1
487	901	1
487	41	1
488	603	1
488	862	1
488	599	1
488	34	1
488	889	1
488	789	1
488	35	1
488	870	1
488	222	1
489	875	1
489	188	1
489	27	1
489	499	1
489	357	1
489	694	1
489	302	1
489	312	1
489	787	1
489	773	1
489	502	1
490	437	1
490	420	1
490	283	1
490	776	1
491	914	1
491	33	1
491	284	1
491	959	1
491	265	1
491	85	1
491	890	1
491	945	1
491	155	1
491	330	1
491	263	1
491	974	1
491	809	1
491	684	1
491	505	1
491	853	1
491	985	1
491	20	1
492	719	1
492	280	1
492	406	1
493	742	1
493	586	1
493	139	1
493	867	1
493	195	1
493	864	1
493	312	1
493	722	1
493	788	1
494	19	1
494	303	1
494	177	1
494	559	1
494	419	1
495	396	1
495	246	1
495	222	1
495	52	1
495	353	1
495	645	1
495	29	1
495	241	1
496	661	1
496	244	1
496	752	1
496	97	1
496	354	1
496	28	1
496	107	1
497	338	1
497	299	1
497	358	1
498	579	1
498	860	1
498	165	1
498	358	1
498	332	1
498	423	1
498	437	1
498	347	1
498	804	1
499	201	1
499	768	1
499	776	1
499	116	1
499	567	1
500	53	1
500	194	1
500	347	1
500	712	1
500	323	1
500	910	1
500	273	1
500	263	1
500	946	1
500	749	1
500	718	1
500	859	1
500	209	1
501	7	1
501	945	1
501	679	1
501	548	1
501	896	1
501	220	1
501	959	1
501	715	1
501	491	1
501	809	1
501	598	1
501	194	1
501	659	1
501	108	1
501	541	1
501	825	1
501	803	1
501	405	1
501	695	1
501	545	1
501	907	1
501	745	1
501	212	1
502	360	1
502	204	1
502	62	1
502	624	1
502	965	1
502	314	1
502	195	1
502	457	1
503	113	1
503	960	1
503	611	1
503	301	1
503	729	1
503	61	1
504	820	1
504	421	1
504	513	1
504	258	1
504	739	1
504	63	1
505	225	1
505	177	1
505	546	1
505	79	1
505	704	1
505	477	1
506	276	1
506	508	1
506	305	1
506	137	1
506	243	1
506	50	1
506	39	1
506	691	1
506	938	1
506	633	1
507	700	1
507	866	1
507	89	1
507	435	1
507	94	1
507	703	1
507	265	1
507	176	1
507	439	1
507	951	1
507	116	1
507	308	1
507	202	1
508	548	1
508	401	1
508	113	1
508	232	1
508	376	1
508	168	1
509	652	1
509	21	1
509	432	1
509	930	1
509	261	1
509	914	1
509	721	1
509	161	1
509	443	1
509	416	1
509	465	1
509	533	1
510	355	1
510	705	1
510	696	1
510	484	1
510	992	1
510	86	1
510	522	1
510	379	1
510	56	1
510	106	1
510	688	1
510	930	1
510	862	1
511	102	1
511	407	1
511	31	1
511	740	1
511	635	1
511	679	1
511	279	1
511	840	1
511	859	1
511	273	1
512	81	1
512	821	1
512	544	1
512	455	1
512	705	1
512	31	1
512	644	1
513	415	1
513	749	1
513	684	1
513	754	1
513	47	1
513	245	1
513	82	1
513	416	1
513	430	1
513	305	1
514	166	1
514	382	1
514	872	1
514	438	1
514	212	1
514	305	1
514	635	1
514	929	1
514	123	1
514	443	1
514	533	1
515	863	1
515	348	1
515	723	1
515	339	1
515	614	1
515	226	1
515	934	1
515	788	1
515	27	1
515	327	1
516	253	1
516	507	1
516	604	1
516	208	1
516	762	1
516	113	1
516	683	1
517	607	1
517	461	1
517	709	1
517	204	1
517	953	1
517	254	1
517	930	1
518	781	1
518	889	1
518	41	1
518	479	1
518	328	1
518	58	1
518	396	1
518	88	1
518	512	1
518	510	1
518	836	1
518	890	1
519	929	1
519	306	1
519	79	1
519	152	1
519	39	1
519	19	1
519	65	1
519	869	1
520	18	1
520	293	1
520	686	1
520	479	1
520	897	1
520	726	1
520	796	1
520	214	1
520	174	1
521	835	1
522	359	1
522	775	1
522	29	1
522	705	1
522	749	1
522	668	1
522	48	1
523	940	1
523	258	1
523	638	1
524	322	1
524	407	1
524	529	1
524	247	1
524	403	1
524	644	1
524	497	1
524	948	1
524	174	1
524	148	1
525	930	1
525	962	1
525	284	1
525	832	1
525	449	1
525	227	1
525	353	1
525	971	1
525	134	1
525	116	1
525	79	1
525	339	1
525	393	1
525	343	1
525	209	1
525	674	1
526	208	1
526	828	1
526	796	1
526	823	1
526	63	1
526	339	1
526	215	1
527	1	1
527	945	1
527	560	1
527	320	1
527	449	1
527	68	1
527	20	1
527	263	1
527	232	1
527	54	1
527	501	1
527	422	1
527	7	1
528	546	1
528	252	1
528	204	1
529	366	1
529	763	1
529	518	1
529	941	1
529	696	1
529	705	1
529	535	1
530	646	1
530	36	1
530	13	1
530	836	1
530	532	1
531	104	1
531	656	1
531	410	1
531	271	1
531	272	1
532	652	1
532	264	1
532	691	1
532	995	1
532	640	1
532	891	1
532	120	1
533	794	1
533	700	1
533	765	1
533	73	1
533	493	1
533	220	1
533	951	1
533	444	1
533	64	1
533	953	1
533	369	1
533	988	1
533	161	1
534	428	1
534	996	1
534	929	1
534	380	1
534	345	1
534	212	1
534	330	1
534	313	1
534	954	1
535	448	1
535	418	1
535	64	1
535	275	1
535	484	1
535	821	1
535	45	1
535	797	1
535	8	1
535	347	1
536	139	1
536	767	1
536	608	1
536	307	1
537	796	1
537	48	1
537	336	1
537	846	1
537	747	1
537	612	1
537	488	1
537	914	1
538	357	1
538	373	1
538	683	1
538	403	1
538	213	1
538	842	1
538	867	1
538	200	1
538	153	1
538	796	1
538	938	1
538	470	1
538	39	1
539	524	1
539	571	1
539	217	1
539	629	1
539	766	1
539	355	1
539	615	1
539	689	1
540	498	1
540	265	1
540	524	1
540	398	1
540	458	1
540	931	1
540	422	1
540	309	1
541	227	1
541	138	1
541	21	1
541	928	1
541	234	1
541	885	1
541	284	1
541	231	1
541	916	1
541	586	1
541	996	1
541	432	1
541	878	1
541	887	1
541	621	1
541	273	1
542	963	1
542	585	1
542	536	1
542	955	1
542	351	1
543	269	1
543	441	1
543	320	1
543	404	1
543	962	1
543	499	1
543	468	1
544	362	1
544	76	1
544	682	1
544	3	1
544	399	1
544	871	1
545	776	1
545	264	1
545	755	1
545	439	1
545	329	1
546	604	1
546	30	1
546	662	1
546	476	1
546	825	1
546	76	1
546	300	1
546	834	1
546	360	1
546	452	1
547	892	1
548	506	1
548	42	1
548	804	1
548	708	1
548	287	1
548	155	1
548	10	1
549	783	1
549	321	1
549	802	1
550	62	1
550	808	1
550	221	1
550	195	1
550	411	1
550	167	1
550	906	1
550	487	1
551	259	1
551	83	1
551	139	1
551	492	1
551	48	1
551	748	1
552	804	1
552	86	1
553	357	1
553	445	1
553	77	1
553	940	1
554	316	1
554	529	1
554	373	1
554	137	1
554	467	1
555	409	1
555	780	1
555	985	1
555	234	1
555	207	1
555	453	1
555	380	1
555	635	1
555	122	1
555	353	1
555	416	1
555	533	1
555	296	1
555	541	1
556	946	1
556	200	1
557	631	1
557	877	1
557	442	1
557	239	1
557	696	1
558	10	1
558	883	1
558	892	1
559	7	1
559	370	1
559	632	1
559	583	1
559	834	1
559	249	1
559	521	1
559	280	1
559	62	1
559	318	1
559	758	1
559	298	1
560	53	1
560	988	1
560	138	1
560	930	1
560	229	1
560	465	1
560	971	1
560	325	1
560	391	1
561	388	1
561	58	1
561	14	1
561	759	1
561	364	1
561	645	1
561	862	1
561	754	1
562	670	1
562	416	1
562	750	1
562	496	1
563	845	1
563	977	1
563	987	1
563	671	1
564	158	1
564	280	1
564	445	1
564	743	1
564	65	1
565	234	1
565	958	1
565	812	1
565	7	1
565	394	1
565	388	1
565	533	1
565	138	1
565	171	1
565	333	1
565	227	1
565	161	1
565	697	1
565	380	1
566	815	1
566	870	1
566	730	1
566	742	1
566	640	1
566	809	1
566	589	1
566	530	1
567	135	1
567	323	1
568	843	1
568	559	1
568	170	1
568	662	1
568	460	1
568	546	1
568	58	1
568	743	1
568	457	1
568	128	1
568	412	1
568	808	1
569	506	1
569	97	1
569	711	1
569	254	1
569	626	1
569	964	1
570	232	1
570	872	1
570	652	1
570	17	1
570	971	1
570	969	1
570	962	1
570	178	1
571	326	1
571	480	1
571	849	1
571	808	1
572	439	1
572	62	1
573	498	1
573	582	1
573	590	1
573	74	1
573	413	1
573	639	1
573	129	1
574	692	1
574	111	1
574	296	1
574	914	1
574	627	1
574	122	1
574	702	1
574	598	1
574	989	1
574	830	1
575	241	1
575	977	1
575	369	1
575	933	1
575	965	1
575	925	1
575	120	1
575	111	1
575	665	1
575	146	1
575	421	1
575	205	1
576	363	1
576	847	1
576	971	1
576	469	1
576	46	1
577	183	1
577	811	1
577	520	1
577	72	1
577	632	1
577	261	1
577	942	1
577	726	1
578	78	1
578	528	1
578	419	1
578	704	1
578	79	1
578	843	1
578	80	1
579	935	1
579	12	1
579	57	1
579	339	1
579	549	1
580	541	1
580	959	1
580	630	1
580	989	1
580	913	1
580	380	1
580	907	1
580	712	1
580	885	1
580	274	1
580	584	1
580	652	1
580	262	1
580	416	1
580	650	1
580	138	1
580	800	1
580	69	1
580	962	1
580	308	1
580	265	1
580	872	1
581	941	1
581	313	1
581	583	1
581	774	1
581	984	1
581	492	1
581	716	1
581	79	1
581	873	1
581	111	1
582	71	1
582	84	1
582	714	1
582	601	1
582	4	1
582	358	1
582	226	1
582	778	1
583	702	1
583	761	1
583	793	1
583	713	1
583	62	1
583	865	1
583	578	1
583	402	1
583	667	1
584	64	1
584	164	1
584	898	1
584	679	1
584	450	1
584	537	1
584	960	1
584	238	1
584	985	1
585	228	1
585	784	1
585	777	1
585	341	1
585	551	1
586	89	1
586	279	1
586	675	1
586	620	1
586	574	1
586	239	1
586	700	1
586	949	1
586	296	1
586	405	1
586	232	1
586	184	1
586	111	1
586	968	1
586	164	1
586	393	1
586	225	1
586	47	1
587	563	1
587	463	1
587	818	1
587	649	1
587	411	1
587	256	1
588	776	1
588	71	1
589	805	1
589	313	1
589	575	1
589	422	1
589	374	1
590	497	1
590	190	1
590	659	1
590	185	1
591	177	1
591	80	1
591	843	1
591	559	1
591	771	1
591	196	1
591	13	1
591	482	1
591	774	1
591	583	1
591	871	1
591	30	1
591	265	1
592	294	1
592	648	1
592	529	1
592	800	1
592	212	1
593	929	1
593	843	1
593	786	1
593	385	1
593	745	1
593	709	1
594	731	1
594	34	1
594	653	1
594	157	1
594	593	1
594	47	1
594	299	1
594	317	1
594	400	1
595	870	1
595	32	1
595	396	1
595	802	1
595	275	1
595	364	1
595	193	1
595	716	1
595	8	1
595	255	1
595	643	1
595	901	1
596	866	1
596	17	1
596	465	1
596	828	1
596	829	1
596	995	1
596	380	1
596	944	1
596	702	1
596	398	1
596	305	1
596	462	1
596	525	1
596	649	1
596	929	1
596	740	1
597	325	1
597	938	1
597	585	1
598	221	1
598	652	1
598	459	1
598	966	1
598	446	1
598	468	1
598	700	1
598	7	1
598	570	1
598	715	1
599	172	1
599	781	1
599	35	1
599	1000	1
599	689	1
599	77	1
599	31	1
599	356	1
599	206	1
599	688	1
599	541	1
599	704	1
599	473	1
599	440	1
600	961	1
600	351	1
600	258	1
600	900	1
601	6	1
601	552	1
601	844	1
601	69	1
602	824	1
602	249	1
602	279	1
603	252	1
603	98	1
603	759	1
603	788	1
603	992	1
603	456	1
603	942	1
603	1	1
603	174	1
603	392	1
603	826	1
603	180	1
603	523	1
603	251	1
604	137	1
604	103	1
604	282	1
604	683	1
604	938	1
604	548	1
604	68	1
605	924	1
605	544	1
605	859	1
605	832	1
605	104	1
606	450	1
606	713	1
606	298	1
606	370	1
606	409	1
606	725	1
606	903	1
606	628	1
606	991	1
606	196	1
606	302	1
606	865	1
606	544	1
606	80	1
606	184	1
606	701	1
606	76	1
606	27	1
607	725	1
607	584	1
607	790	1
607	705	1
608	940	1
608	400	1
608	338	1
608	267	1
608	638	1
608	960	1
608	104	1
608	548	1
609	375	1
609	49	1
610	744	1
610	559	1
610	324	1
610	567	1
610	861	1
610	505	1
610	736	1
610	83	1
611	510	1
611	531	1
611	160	1
612	155	1
612	691	1
613	529	1
613	766	1
613	336	1
613	268	1
613	236	1
613	757	1
613	206	1
613	852	1
613	41	1
614	443	1
614	629	1
614	165	1
614	701	1
614	775	1
615	314	1
615	177	1
615	865	1
615	306	1
615	602	1
615	452	1
615	417	1
616	753	1
616	212	1
616	324	1
616	938	1
616	707	1
616	629	1
616	137	1
617	664	1
617	859	1
617	462	1
617	648	1
617	245	1
617	265	1
617	444	1
617	7	1
617	985	1
617	872	1
617	150	1
617	695	1
617	248	1
618	351	1
618	616	1
618	950	1
618	937	1
618	40	1
618	922	1
618	706	1
619	737	1
619	764	1
619	831	1
619	907	1
619	155	1
619	721	1
619	501	1
619	3	1
619	719	1
619	814	1
619	527	1
619	440	1
620	650	1
620	334	1
620	896	1
620	439	1
620	715	1
620	679	1
620	914	1
620	230	1
620	262	1
620	19	1
620	951	1
620	973	1
620	746	1
621	110	1
621	652	1
621	712	1
621	620	1
621	989	1
621	586	1
621	310	1
621	638	1
621	745	1
621	898	1
621	309	1
621	317	1
621	765	1
622	633	1
622	273	1
622	68	1
622	208	1
623	311	1
623	691	1
623	618	1
623	339	1
623	203	1
623	663	1
623	291	1
623	962	1
623	68	1
623	822	1
623	506	1
623	427	1
623	259	1
624	204	1
624	660	1
624	76	1
624	892	1
624	250	1
624	832	1
624	572	1
624	210	1
625	963	1
625	344	1
625	461	1
626	33	1
626	57	1
626	429	1
627	652	1
627	710	1
627	263	1
627	120	1
627	234	1
627	333	1
627	620	1
627	262	1
627	840	1
627	343	1
627	63	1
627	820	1
627	111	1
628	546	1
628	63	1
628	494	1
628	454	1
628	744	1
628	818	1
628	349	1
628	773	1
628	861	1
628	572	1
628	714	1
629	384	1
629	515	1
629	257	1
629	546	1
630	1	1
630	586	1
630	207	1
630	746	1
630	904	1
630	659	1
630	769	1
630	971	1
630	20	1
630	459	1
630	446	1
630	715	1
630	858	1
630	391	1
630	171	1
630	598	1
630	565	1
630	302	1
630	3	1
631	167	1
631	673	1
631	250	1
631	660	1
631	716	1
631	460	1
631	559	1
631	878	1
632	401	1
632	644	1
632	321	1
632	546	1
632	369	1
633	516	1
633	764	1
633	416	1
633	573	1
633	245	1
634	256	1
634	902	1
634	863	1
634	390	1
634	521	1
634	114	1
634	38	1
634	320	1
634	178	1
635	549	1
635	695	1
635	89	1
635	960	1
635	151	1
635	462	1
635	3	1
635	252	1
635	749	1
635	131	1
636	947	1
636	303	1
636	973	1
636	939	1
636	240	1
636	447	1
637	822	1
637	215	1
637	209	1
637	505	1
637	810	1
637	467	1
637	136	1
637	535	1
637	708	1
637	706	1
637	707	1
637	694	1
638	202	1
638	636	1
638	272	1
638	648	1
638	935	1
639	961	1
639	73	1
639	166	1
639	513	1
639	446	1
639	285	1
639	746	1
639	503	1
639	349	1
639	464	1
639	684	1
640	542	1
640	860	1
640	346	1
640	625	1
640	104	1
641	852	1
641	681	1
641	224	1
641	52	1
641	366	1
641	100	1
641	268	1
641	479	1
642	96	1
642	4	1
642	910	1
642	37	1
642	497	1
642	723	1
642	888	1
642	682	1
642	117	1
643	440	1
643	311	1
643	35	1
643	902	1
643	299	1
643	479	1
643	780	1
643	689	1
643	688	1
643	994	1
644	29	1
644	463	1
644	35	1
644	826	1
644	402	1
644	246	1
645	328	1
645	565	1
645	897	1
645	866	1
645	26	1
645	396	1
645	52	1
645	681	1
645	743	1
645	915	1
645	840	1
645	912	1
646	649	1
646	205	1
646	575	1
646	718	1
646	721	1
646	538	1
646	749	1
647	589	1
647	57	1
647	535	1
647	253	1
647	287	1
647	842	1
647	113	1
647	955	1
647	201	1
647	170	1
647	642	1
648	345	1
648	1	1
648	828	1
648	453	1
648	142	1
648	393	1
648	194	1
648	279	1
648	161	1
648	959	1
648	323	1
648	380	1
648	230	1
648	916	1
648	75	1
649	241	1
649	587	1
649	371	1
649	678	1
649	566	1
649	742	1
649	640	1
649	13	1
649	126	1
649	815	1
649	493	1
649	91	1
650	125	1
650	619	1
650	774	1
650	875	1
650	73	1
650	648	1
650	630	1
650	310	1
650	513	1
650	739	1
650	85	1
650	334	1
650	545	1
650	441	1
650	962	1
651	305	1
651	11	1
651	303	1
651	437	1
651	561	1
651	372	1
652	696	1
652	421	1
652	308	1
652	491	1
652	381	1
652	565	1
652	231	1
652	225	1
652	285	1
652	297	1
652	7	1
652	749	1
653	844	1
654	571	1
654	614	1
654	662	1
654	517	1
655	677	1
655	463	1
655	952	1
655	889	1
655	236	1
655	14	1
655	512	1
655	992	1
656	468	1
656	321	1
656	715	1
657	139	1
657	618	1
657	292	1
657	468	1
657	776	1
657	397	1
658	981	1
658	460	1
658	78	1
658	476	1
658	634	1
658	184	1
658	135	1
658	546	1
658	713	1
658	578	1
659	237	1
659	342	1
659	500	1
659	230	1
659	449	1
659	866	1
659	959	1
659	954	1
659	908	1
659	47	1
659	224	1
660	865	1
660	452	1
660	357	1
660	303	1
660	578	1
660	505	1
660	864	1
660	185	1
660	615	1
660	858	1
661	962	1
661	172	1
661	863	1
661	334	1
661	199	1
662	628	1
662	197	1
662	966	1
662	865	1
662	460	1
662	991	1
663	18	1
663	543	1
663	920	1
663	516	1
663	917	1
664	194	1
664	477	1
664	409	1
664	31	1
664	621	1
664	187	1
664	579	1
664	313	1
664	161	1
664	940	1
664	329	1
664	800	1
665	137	1
665	793	1
665	804	1
665	653	1
665	629	1
666	591	1
666	521	1
666	23	1
666	760	1
666	669	1
666	656	1
666	842	1
666	33	1
666	898	1
666	255	1
667	65	1
667	474	1
667	903	1
667	16	1
667	19	1
667	632	1
667	598	1
667	756	1
667	419	1
668	402	1
668	96	1
668	172	1
668	697	1
668	387	1
668	356	1
668	26	1
668	599	1
668	157	1
668	251	1
668	788	1
668	239	1
669	517	1
669	526	1
669	760	1
669	401	1
669	772	1
670	471	1
670	976	1
670	726	1
671	702	1
671	43	1
671	36	1
671	970	1
671	350	1
671	942	1
671	829	1
671	522	1
671	516	1
672	638	1
672	447	1
674	122	1
674	444	1
674	712	1
674	620	1
674	269	1
674	166	1
674	695	1
674	890	1
675	478	1
675	884	1
675	543	1
675	226	1
675	762	1
675	879	1
675	405	1
675	154	1
676	181	1
676	202	1
676	287	1
676	709	1
677	668	1
677	217	1
677	174	1
677	473	1
677	300	1
677	478	1
677	889	1
677	689	1
677	85	1
677	78	1
677	781	1
677	775	1
677	763	1
678	361	1
678	378	1
678	596	1
678	836	1
678	120	1
678	646	1
678	530	1
679	462	1
679	925	1
679	93	1
679	144	1
679	507	1
679	444	1
679	765	1
679	988	1
679	794	1
679	22	1
679	343	1
680	18	1
680	317	1
681	216	1
681	840	1
681	705	1
681	96	1
681	271	1
681	373	1
681	889	1
681	366	1
681	863	1
681	458	1
681	535	1
682	894	1
682	812	1
682	202	1
682	545	1
682	860	1
682	667	1
682	297	1
682	277	1
683	753	1
683	198	1
683	939	1
683	99	1
683	433	1
684	263	1
684	405	1
684	740	1
684	664	1
684	234	1
684	853	1
684	804	1
685	591	1
685	838	1
685	922	1
686	821	1
686	969	1
686	540	1
686	328	1
686	528	1
686	26	1
686	881	1
686	645	1
686	954	1
686	781	1
686	35	1
686	826	1
686	857	1
686	374	1
686	852	1
687	183	1
687	133	1
687	556	1
687	649	1
687	172	1
688	318	1
688	577	1
688	236	1
688	340	1
688	535	1
688	542	1
688	836	1
688	484	1
688	814	1
688	32	1
688	540	1
688	902	1
689	333	1
689	537	1
689	8	1
689	781	1
689	669	1
689	681	1
689	774	1
689	645	1
689	372	1
689	512	1
689	678	1
689	609	1
690	102	1
690	85	1
690	382	1
690	511	1
690	150	1
690	914	1
690	509	1
690	928	1
690	500	1
690	212	1
690	482	1
690	872	1
690	453	1
690	435	1
690	220	1
690	234	1
691	25	1
691	892	1
691	597	1
691	19	1
691	647	1
691	98	1
691	403	1
692	639	1
692	63	1
692	1	1
692	142	1
692	674	1
692	930	1
692	274	1
692	659	1
692	974	1
692	859	1
692	721	1
692	690	1
693	133	1
693	37	1
693	36	1
693	949	1
693	150	1
693	126	1
694	569	1
694	756	1
694	287	1
694	157	1
694	71	1
694	957	1
694	266	1
695	166	1
695	297	1
695	673	1
695	231	1
695	565	1
695	890	1
695	351	1
695	85	1
695	347	1
695	310	1
695	446	1
695	453	1
695	907	1
696	247	1
696	315	1
696	655	1
696	52	1
696	366	1
696	656	1
696	933	1
696	962	1
697	689	1
697	775	1
697	696	1
697	278	1
697	681	1
697	26	1
698	566	1
698	395	1
698	663	1
698	766	1
698	845	1
698	530	1
698	368	1
698	934	1
698	130	1
699	136	1
699	575	1
699	872	1
699	516	1
699	10	1
699	821	1
699	137	1
700	690	1
700	17	1
700	330	1
700	234	1
700	279	1
700	586	1
700	675	1
700	299	1
700	619	1
700	617	1
700	993	1
700	621	1
700	334	1
700	263	1
700	166	1
700	598	1
700	224	1
700	310	1
701	536	1
701	786	1
701	857	1
702	212	1
702	315	1
702	333	1
702	928	1
702	618	1
702	670	1
702	70	1
702	880	1
702	50	1
702	800	1
702	441	1
702	679	1
702	20	1
703	965	1
703	649	1
703	46	1
703	428	1
703	331	1
703	173	1
703	671	1
704	361	1
704	35	1
704	900	1
704	936	1
705	398	1
705	141	1
705	392	1
705	366	1
705	247	1
705	537	1
705	539	1
705	510	1
706	554	1
706	99	1
706	131	1
706	756	1
706	548	1
707	754	1
707	109	1
707	974	1
707	398	1
707	147	1
708	864	1
708	731	1
708	260	1
708	93	1
708	676	1
708	623	1
708	508	1
709	751	1
709	406	1
709	813	1
709	157	1
710	382	1
710	301	1
710	737	1
710	648	1
710	315	1
710	712	1
710	238	1
710	329	1
710	611	1
710	547	1
710	753	1
711	291	1
711	49	1
711	781	1
711	379	1
712	224	1
712	854	1
712	232	1
712	596	1
712	740	1
712	951	1
712	501	1
712	279	1
712	500	1
712	234	1
712	405	1
712	960	1
712	238	1
712	21	1
712	342	1
712	150	1
713	219	1
713	544	1
713	213	1
713	312	1
713	861	1
714	642	1
714	401	1
714	981	1
714	390	1
714	977	1
714	844	1
714	277	1
715	735	1
715	586	1
715	866	1
715	718	1
715	853	1
715	913	1
715	507	1
715	344	1
715	409	1
715	749	1
715	297	1
715	5	1
716	991	1
716	676	1
716	158	1
716	591	1
717	477	1
717	129	1
717	325	1
717	695	1
717	693	1
717	687	1
717	326	1
718	750	1
718	560	1
718	86	1
718	988	1
718	643	1
718	164	1
718	363	1
718	830	1
718	393	1
718	674	1
718	859	1
718	171	1
718	820	1
718	231	1
719	340	1
719	268	1
719	422	1
719	182	1
719	260	1
719	475	1
719	710	1
720	633	1
720	604	1
720	823	1
720	42	1
720	68	1
720	796	1
720	883	1
721	574	1
721	444	1
721	560	1
721	890	1
721	285	1
721	3	1
721	861	1
721	896	1
721	853	1
721	812	1
721	349	1
721	238	1
721	125	1
721	422	1
721	166	1
721	234	1
722	62	1
722	997	1
722	969	1
722	229	1
722	589	1
723	431	1
723	320	1
724	516	1
724	623	1
724	155	1
724	168	1
724	618	1
725	55	1
725	727	1
726	206	1
726	689	1
726	897	1
726	372	1
726	48	1
726	789	1
727	12	1
727	235	1
728	66	1
728	824	1
728	946	1
728	857	1
728	784	1
729	171	1
729	445	1
729	482	1
729	774	1
729	383	1
729	382	1
729	585	1
729	179	1
729	188	1
730	850	1
730	83	1
730	250	1
730	135	1
730	875	1
730	774	1
730	729	1
731	66	1
731	842	1
731	82	1
731	153	1
731	261	1
731	862	1
731	418	1
732	298	1
732	421	1
732	128	1
732	241	1
732	406	1
732	250	1
732	392	1
732	667	1
733	522	1
733	479	1
733	219	1
733	593	1
733	81	1
733	32	1
733	52	1
733	877	1
734	989	1
734	347	1
734	139	1
734	237	1
735	1	1
735	854	1
735	209	1
735	61	1
735	150	1
735	333	1
735	982	1
735	315	1
735	3	1
735	478	1
735	637	1
735	853	1
735	39	1
736	546	1
736	250	1
736	65	1
736	419	1
736	614	1
736	177	1
736	624	1
736	332	1
736	352	1
736	544	1
737	812	1
737	238	1
737	388	1
737	679	1
737	343	1
737	391	1
737	356	1
737	507	1
737	329	1
737	664	1
737	541	1
737	951	1
737	712	1
738	326	1
738	892	1
738	970	1
738	808	1
739	574	1
739	504	1
739	993	1
739	501	1
739	507	1
739	76	1
739	907	1
739	825	1
739	650	1
739	138	1
739	142	1
739	534	1
739	20	1
740	208	1
740	621	1
740	969	1
740	966	1
740	21	1
740	82	1
740	296	1
740	14	1
740	560	1
740	753	1
740	245	1
740	635	1
740	64	1
740	428	1
740	949	1
740	875	1
740	333	1
740	17	1
740	617	1
741	341	1
741	240	1
741	137	1
741	533	1
741	60	1
741	815	1
742	369	1
742	928	1
742	748	1
742	921	1
742	481	1
742	698	1
743	871	1
743	204	1
743	873	1
743	938	1
743	808	1
743	457	1
743	27	1
743	460	1
743	610	1
744	26	1
744	466	1
744	65	1
744	290	1
744	280	1
744	984	1
745	930	1
745	343	1
745	230	1
745	596	1
745	872	1
745	534	1
745	305	1
745	993	1
745	187	1
745	853	1
745	533	1
746	285	1
746	989	1
746	560	1
746	621	1
746	692	1
746	985	1
746	462	1
746	32	1
746	239	1
746	438	1
746	659	1
746	809	1
746	47	1
746	988	1
747	969	1
747	757	1
747	841	1
747	535	1
747	311	1
747	890	1
747	577	1
747	785	1
747	364	1
747	139	1
747	148	1
748	805	1
748	281	1
748	120	1
748	566	1
748	815	1
748	186	1
748	909	1
749	353	1
749	459	1
749	555	1
749	653	1
749	432	1
749	315	1
749	159	1
749	296	1
749	233	1
749	227	1
749	47	1
749	619	1
749	301	1
750	438	1
750	945	1
750	415	1
750	150	1
750	265	1
750	923	1
750	194	1
750	230	1
750	710	1
750	541	1
750	885	1
751	215	1
751	275	1
751	39	1
751	339	1
751	98	1
752	731	1
752	200	1
752	157	1
752	547	1
752	911	1
752	276	1
752	822	1
752	796	1
753	398	1
753	3	1
753	212	1
753	209	1
753	221	1
753	347	1
753	436	1
753	966	1
753	292	1
753	220	1
753	534	1
753	949	1
753	684	1
753	880	1
753	192	1
753	859	1
753	66	1
754	636	1
754	698	1
755	456	1
755	680	1
755	805	1
755	698	1
755	754	1
756	312	1
756	66	1
756	491	1
756	676	1
756	182	1
756	534	1
756	751	1
756	961	1
757	982	1
757	364	1
757	318	1
757	520	1
757	148	1
757	688	1
757	1000	1
757	31	1
757	981	1
757	987	1
758	33	1
758	622	1
758	322	1
758	841	1
758	206	1
758	176	1
758	327	1
758	342	1
758	942	1
758	35	1
758	839	1
758	193	1
759	365	1
759	802	1
759	239	1
759	789	1
759	881	1
760	517	1
760	797	1
760	361	1
760	708	1
761	621	1
761	639	1
761	753	1
761	398	1
761	951	1
761	161	1
761	71	1
762	28	1
762	905	1
762	552	1
762	354	1
762	767	1
763	343	1
763	106	1
763	846	1
763	374	1
763	969	1
763	673	1
763	603	1
763	91	1
764	637	1
764	482	1
764	516	1
764	899	1
764	554	1
764	683	1
764	357	1
764	756	1
764	691	1
764	868	1
764	810	1
765	555	1
765	989	1
765	739	1
765	142	1
765	19	1
765	710	1
765	993	1
765	398	1
765	853	1
765	81	1
766	941	1
766	897	1
766	493	1
766	296	1
766	92	1
766	681	1
766	487	1
766	789	1
766	901	1
766	376	1
766	759	1
767	348	1
767	354	1
767	559	1
767	202	1
767	418	1
767	110	1
768	634	1
768	589	1
768	278	1
768	171	1
768	317	1
769	979	1
770	235	1
770	429	1
770	950	1
770	707	1
770	440	1
770	760	1
771	288	1
771	314	1
771	162	1
771	375	1
771	628	1
771	795	1
771	405	1
771	875	1
771	595	1
771	190	1
771	564	1
771	7	1
771	550	1
771	476	1
771	22	1
771	792	1
771	2	1
771	377	1
772	524	1
772	666	1
773	340	1
773	519	1
773	624	1
774	254	1
774	406	1
774	398	1
774	151	1
774	875	1
774	393	1
774	426	1
774	191	1
774	660	1
774	301	1
774	128	1
774	771	1
775	479	1
775	440	1
775	495	1
775	299	1
775	700	1
775	44	1
775	766	1
775	219	1
775	246	1
776	714	1
776	513	1
776	613	1
776	518	1
777	763	1
777	356	1
777	992	1
777	733	1
777	540	1
777	803	1
777	644	1
777	193	1
777	8	1
777	952	1
777	261	1
778	515	1
778	172	1
778	496	1
778	892	1
778	478	1
778	283	1
778	634	1
778	276	1
778	260	1
779	670	1
779	375	1
779	799	1
779	597	1
779	562	1
780	43	1
780	564	1
780	575	1
780	377	1
780	748	1
780	815	1
781	327	1
781	26	1
781	56	1
781	364	1
781	448	1
781	849	1
781	440	1
781	841	1
781	44	1
781	897	1
781	561	1
781	31	1
782	401	1
782	682	1
782	843	1
782	651	1
782	661	1
783	190	1
783	342	1
783	149	1
783	14	1
783	38	1
783	881	1
783	117	1
784	824	1
785	327	1
785	879	1
785	539	1
785	484	1
785	656	1
785	227	1
785	328	1
785	696	1
786	677	1
786	542	1
786	46	1
786	625	1
786	927	1
786	549	1
786	783	1
786	337	1
786	181	1
787	706	1
787	833	1
787	414	1
787	320	1
787	470	1
787	136	1
788	153	1
788	789	1
788	798	1
788	359	1
788	405	1
788	997	1
788	697	1
788	196	1
788	106	1
788	214	1
788	365	1
788	964	1
789	603	1
789	641	1
789	931	1
789	366	1
789	52	1
789	1000	1
789	247	1
789	222	1
789	26	1
789	688	1
789	18	1
789	613	1
789	961	1
790	10	1
790	890	1
791	80	1
791	524	1
791	338	1
791	972	1
791	810	1
792	66	1
792	168	1
792	376	1
792	526	1
792	287	1
792	98	1
793	582	1
793	140	1
793	190	1
793	467	1
793	424	1
794	76	1
794	710	1
794	980	1
794	183	1
794	844	1
794	890	1
794	464	1
794	570	1
795	114	1
795	612	1
795	730	1
795	466	1
795	873	1
795	79	1
795	864	1
795	89	1
795	452	1
796	283	1
796	376	1
796	666	1
796	683	1
797	615	1
797	371	1
797	921	1
798	69	1
798	371	1
798	205	1
798	104	1
798	388	1
798	532	1
798	682	1
798	891	1
799	270	1
799	915	1
799	375	1
799	389	1
799	43	1
799	707	1
799	710	1
800	954	1
800	830	1
800	715	1
800	930	1
800	596	1
800	659	1
800	125	1
800	995	1
800	239	1
800	94	1
800	570	1
800	923	1
800	916	1
800	989	1
801	904	1
801	411	1
801	587	1
801	965	1
802	106	1
802	512	1
802	655	1
802	269	1
802	627	1
803	305	1
803	959	1
803	108	1
803	596	1
803	995	1
803	285	1
803	20	1
803	565	1
803	329	1
803	584	1
803	383	1
804	552	1
804	190	1
804	266	1
804	497	1
804	691	1
804	714	1
804	478	1
805	50	1
805	369	1
805	556	1
805	715	1
805	703	1
805	764	1
805	395	1
806	32	1
806	595	1
806	217	1
806	495	1
806	402	1
806	510	1
806	448	1
806	219	1
806	334	1
806	43	1
806	747	1
807	870	1
807	386	1
807	326	1
807	954	1
807	295	1
807	492	1
808	195	1
808	112	1
808	943	1
808	505	1
808	395	1
808	80	1
808	743	1
808	818	1
808	185	1
808	419	1
808	431	1
808	602	1
808	553	1
809	391	1
809	187	1
809	20	1
809	765	1
809	257	1
809	509	1
809	511	1
809	893	1
809	945	1
809	192	1
809	570	1
809	313	1
809	409	1
809	7	1
809	560	1
809	985	1
810	202	1
810	287	1
810	569	1
810	508	1
810	526	1
810	478	1
811	570	1
811	336	1
811	355	1
811	952	1
811	283	1
811	599	1
812	334	1
812	638	1
812	962	1
812	620	1
812	446	1
812	421	1
812	416	1
812	652	1
812	245	1
812	541	1
812	265	1
812	330	1
812	17	1
812	690	1
812	66	1
812	867	1
812	849	1
812	898	1
813	622	1
813	516	1
813	687	1
813	376	1
813	805	1
813	893	1
813	558	1
813	938	1
813	724	1
814	520	1
814	785	1
814	595	1
814	549	1
814	557	1
814	599	1
814	44	1
814	948	1
814	172	1
814	487	1
815	438	1
815	671	1
815	90	1
815	474	1
815	788	1
815	891	1
815	849	1
816	503	1
817	131	1
818	350	1
818	395	1
818	526	1
818	70	1
818	120	1
819	505	1
819	362	1
819	534	1
819	270	1
819	984	1
819	572	1
819	442	1
819	864	1
820	989	1
820	41	1
820	916	1
820	985	1
820	501	1
820	194	1
820	150	1
820	929	1
820	164	1
820	353	1
820	676	1
820	412	1
820	285	1
821	48	1
821	789	1
821	495	1
821	931	1
821	275	1
821	788	1
821	948	1
821	149	1
821	336	1
821	128	1
821	758	1
821	879	1
822	989	1
822	842	1
822	208	1
823	13	1
823	152	1
823	807	1
823	79	1
823	817	1
823	678	1
823	377	1
824	48	1
824	178	1
824	394	1
824	574	1
824	710	1
824	242	1
825	256	1
825	591	1
825	515	1
825	450	1
826	841	1
826	236	1
826	928	1
826	719	1
826	402	1
826	763	1
826	479	1
826	274	1
826	487	1
826	743	1
826	12	1
826	535	1
827	35	1
827	372	1
827	788	1
827	437	1
827	396	1
827	44	1
827	500	1
827	821	1
828	558	1
828	42	1
828	267	1
828	87	1
828	694	1
828	787	1
828	208	1
828	66	1
828	82	1
829	881	1
829	501	1
829	647	1
829	794	1
829	511	1
829	245	1
829	949	1
829	459	1
829	509	1
829	441	1
829	951	1
829	85	1
829	491	1
829	525	1
830	695	1
830	245	1
830	679	1
830	630	1
830	703	1
830	183	1
830	246	1
830	858	1
830	231	1
830	659	1
830	528	1
830	737	1
830	664	1
830	904	1
830	234	1
831	54	1
831	147	1
831	512	1
831	377	1
831	502	1
832	360	1
832	823	1
832	362	1
832	559	1
832	494	1
832	662	1
832	167	1
832	19	1
832	266	1
832	786	1
833	931	1
833	828	1
833	709	1
833	355	1
833	363	1
833	933	1
833	764	1
833	160	1
833	708	1
834	729	1
834	197	1
834	673	1
834	119	1
834	188	1
834	355	1
835	468	1
835	738	1
835	60	1
836	241	1
836	589	1
836	849	1
836	472	1
837	87	1
837	155	1
837	752	1
837	691	1
837	764	1
838	451	1
838	988	1
838	983	1
838	709	1
838	237	1
838	888	1
839	683	1
839	939	1
839	813	1
839	731	1
839	634	1
839	526	1
839	198	1
839	355	1
840	785	1
840	598	1
840	696	1
840	174	1
840	841	1
840	32	1
840	643	1
840	479	1
840	356	1
840	35	1
841	299	1
841	814	1
841	676	1
841	928	1
841	840	1
841	440	1
842	373	1
842	39	1
842	691	1
843	135	1
843	544	1
843	847	1
843	419	1
843	502	1
843	850	1
843	832	1
843	306	1
843	519	1
844	778	1
844	422	1
844	825	1
844	190	1
845	742	1
845	722	1
845	331	1
845	205	1
845	815	1
845	456	1
846	726	1
846	488	1
846	990	1
846	826	1
846	777	1
846	44	1
846	458	1
846	649	1
846	204	1
846	952	1
847	875	1
847	319	1
847	628	1
847	716	1
847	559	1
847	553	1
847	489	1
847	119	1
847	330	1
848	558	1
848	752	1
848	155	1
848	508	1
848	883	1
848	699	1
848	995	1
849	965	1
849	371	1
849	363	1
850	27	1
850	476	1
850	357	1
850	343	1
850	578	1
850	646	1
850	572	1
850	771	1
851	490	1
851	260	1
852	697	1
852	8	1
852	599	1
852	254	1
852	464	1
853	734	1
853	122	1
853	3	1
853	405	1
853	367	1
853	453	1
853	410	1
853	238	1
853	930	1
853	184	1
853	639	1
853	534	1
853	430	1
853	297	1
853	959	1
853	116	1
853	227	1
853	265	1
853	973	1
853	885	1
853	315	1
853	679	1
854	525	1
854	248	1
854	800	1
854	674	1
854	441	1
854	761	1
854	209	1
854	285	1
854	740	1
854	914	1
854	161	1
854	541	1
854	692	1
854	922	1
855	728	1
855	717	1
855	975	1
856	847	1
856	819	1
856	611	1
857	609	1
857	134	1
857	398	1
857	942	1
857	591	1
857	895	1
858	533	1
858	853	1
858	388	1
858	971	1
858	75	1
858	749	1
858	574	1
858	334	1
858	654	1
858	273	1
859	432	1
859	733	1
859	313	1
859	123	1
859	462	1
859	577	1
859	974	1
859	330	1
859	482	1
859	166	1
859	334	1
859	248	1
859	908	1
859	63	1
859	268	1
859	89	1
859	995	1
860	296	1
860	202	1
860	759	1
860	177	1
860	430	1
860	498	1
860	354	1
861	790	1
861	808	1
861	18	1
861	389	1
861	819	1
861	795	1
861	662	1
861	300	1
861	249	1
861	290	1
861	195	1
862	443	1
862	645	1
862	487	1
862	38	1
862	551	1
862	451	1
862	763	1
862	539	1
862	32	1
862	458	1
862	396	1
862	942	1
862	365	1
862	814	1
862	149	1
862	762	1
863	725	1
863	256	1
863	438	1
863	634	1
863	165	1
863	694	1
863	714	1
863	184	1
863	654	1
863	767	1
863	749	1
863	612	1
864	497	1
864	494	1
864	191	1
864	196	1
864	28	1
864	865	1
864	297	1
864	163	1
864	340	1
864	632	1
864	6	1
864	357	1
864	732	1
864	370	1
865	357	1
865	501	1
865	41	1
865	445	1
865	460	1
865	177	1
865	550	1
866	679	1
866	462	1
866	464	1
866	93	1
866	753	1
866	380	1
866	382	1
866	527	1
866	908	1
866	702	1
866	138	1
866	974	1
866	443	1
867	525	1
867	878	1
867	330	1
867	885	1
867	533	1
867	739	1
867	498	1
867	343	1
867	187	1
867	234	1
868	254	1
868	467	1
868	764	1
868	433	1
869	772	1
869	345	1
869	568	1
869	551	1
869	163	1
869	791	1
869	762	1
869	401	1
870	510	1
870	479	1
870	272	1
870	148	1
870	512	1
870	897	1
871	795	1
871	771	1
871	53	1
871	188	1
871	75	1
871	197	1
871	79	1
871	843	1
871	422	1
871	610	1
872	928	1
872	916	1
872	745	1
872	395	1
872	695	1
872	273	1
872	735	1
872	813	1
872	702	1
872	96	1
872	966	1
873	736	1
873	808	1
873	864	1
873	195	1
873	918	1
873	250	1
873	80	1
873	832	1
874	119	1
874	688	1
874	111	1
874	300	1
874	218	1
874	173	1
874	641	1
874	652	1
875	559	1
875	110	1
875	903	1
875	28	1
875	114	1
875	184	1
875	185	1
875	985	1
875	413	1
876	901	1
876	799	1
877	520	1
877	328	1
877	236	1
877	645	1
877	44	1
877	907	1
877	448	1
877	359	1
877	96	1
877	261	1
877	213	1
878	462	1
878	301	1
878	853	1
878	809	1
878	580	1
878	408	1
878	108	1
878	393	1
879	806	1
879	374	1
879	382	1
879	941	1
879	801	1
879	539	1
879	300	1
879	383	1
880	111	1
880	617	1
880	951	1
880	192	1
880	116	1
880	435	1
880	265	1
880	649	1
880	598	1
880	382	1
880	500	1
880	330	1
880	622	1
880	816	1
880	580	1
880	908	1
880	349	1
880	501	1
881	952	1
881	299	1
881	368	1
881	690	1
881	561	1
881	206	1
881	931	1
881	901	1
881	251	1
881	381	1
882	266	1
882	202	1
882	524	1
882	74	1
883	235	1
883	246	1
883	836	1
883	10	1
883	492	1
883	40	1
883	543	1
884	859	1
884	664	1
884	225	1
884	794	1
884	954	1
884	620	1
884	718	1
884	459	1
884	166	1
884	323	1
885	859	1
885	500	1
885	313	1
885	749	1
885	489	1
885	207	1
885	995	1
885	380	1
885	262	1
885	876	1
885	747	1
885	800	1
885	231	1
885	73	1
886	771	1
886	452	1
886	632	1
886	404	1
886	546	1
886	352	1
886	399	1
887	739	1
887	548	1
887	706	1
887	223	1
887	821	1
888	165	1
888	661	1
888	981	1
888	437	1
888	559	1
889	689	1
889	781	1
889	350	1
889	311	1
889	263	1
889	775	1
889	455	1
889	299	1
889	365	1
889	364	1
889	457	1
889	29	1
889	396	1
889	643	1
890	212	1
890	364	1
890	449	1
890	209	1
890	977	1
890	929	1
890	555	1
890	192	1
891	921	1
891	755	1
891	120	1
891	654	1
891	997	1
891	946	1
891	86	1
891	646	1
892	678	1
892	232	1
892	11	1
892	280	1
892	886	1
892	693	1
893	88	1
893	270	1
893	83	1
894	15	1
894	855	1
894	627	1
894	786	1
895	276	1
895	392	1
895	21	1
896	491	1
896	21	1
896	162	1
896	441	1
896	849	1
896	746	1
896	164	1
896	285	1
897	35	1
897	747	1
897	763	1
897	57	1
897	696	1
897	278	1
897	495	1
897	694	1
897	788	1
897	442	1
897	731	1
897	901	1
897	402	1
898	501	1
898	802	1
898	761	1
898	187	1
898	89	1
898	265	1
898	740	1
898	889	1
898	812	1
898	244	1
899	99	1
899	633	1
899	320	1
899	339	1
900	307	1
900	727	1
900	742	1
900	999	1
900	447	1
900	461	1
901	752	1
901	772	1
901	101	1
901	758	1
901	206	1
901	655	1
901	897	1
901	29	1
901	881	1
901	992	1
901	535	1
901	458	1
901	697	1
902	345	1
902	609	1
902	316	1
902	387	1
902	498	1
902	226	1
903	631	1
903	404	1
903	30	1
903	460	1
903	51	1
903	926	1
903	325	1
903	713	1
903	417	1
904	482	1
904	111	1
904	421	1
904	715	1
904	382	1
904	225	1
904	854	1
905	226	1
905	49	1
905	320	1
905	478	1
905	431	1
905	387	1
905	332	1
905	257	1
905	515	1
905	838	1
906	763	1
906	656	1
906	181	1
906	588	1
907	238	1
907	138	1
907	23	1
907	105	1
907	509	1
907	750	1
907	809	1
907	922	1
907	123	1
907	212	1
907	108	1
907	853	1
907	239	1
907	839	1
907	800	1
907	928	1
908	212	1
908	432	1
908	194	1
908	82	1
908	695	1
908	617	1
908	150	1
908	980	1
909	809	1
909	374	1
909	930	1
909	855	1
909	205	1
910	424	1
910	838	1
910	149	1
910	277	1
910	332	1
911	516	1
911	691	1
911	837	1
911	622	1
911	965	1
911	868	1
911	772	1
911	694	1
911	175	1
912	904	1
912	843	1
912	856	1
912	74	1
912	857	1
913	490	1
913	421	1
913	63	1
913	16	1
913	399	1
913	192	1
913	122	1
913	750	1
913	48	1
913	101	1
913	966	1
913	664	1
913	194	1
913	284	1
914	913	1
914	945	1
914	234	1
914	577	1
914	169	1
914	951	1
914	209	1
914	7	1
914	627	1
914	138	1
914	684	1
914	702	1
914	833	1
914	323	1
914	712	1
914	759	1
914	878	1
915	230	1
915	813	1
915	799	1
915	907	1
915	434	1
916	301	1
916	349	1
916	812	1
916	210	1
916	878	1
916	598	1
916	162	1
916	192	1
916	526	1
916	221	1
916	362	1
917	929	1
917	618	1
917	774	1
917	935	1
917	344	1
917	582	1
918	319	1
918	732	1
918	606	1
918	774	1
918	450	1
918	213	1
919	257	1
919	791	1
919	983	1
919	313	1
919	592	1
920	56	1
920	407	1
920	735	1
920	159	1
920	979	1
921	637	1
921	205	1
921	829	1
921	965	1
921	36	1
921	646	1
922	164	1
922	509	1
922	342	1
922	388	1
922	166	1
922	584	1
922	853	1
922	662	1
922	513	1
922	968	1
922	94	1
922	297	1
922	187	1
922	313	1
922	296	1
922	131	1
922	407	1
922	360	1
922	422	1
922	923	1
923	108	1
923	993	1
923	89	1
923	878	1
923	180	1
923	53	1
923	652	1
923	284	1
923	405	1
923	82	1
923	439	1
923	122	1
923	500	1
923	925	1
923	985	1
923	308	1
923	733	1
924	140	1
924	554	1
925	672	1
925	700	1
925	144	1
925	728	1
925	598	1
925	75	1
925	79	1
925	745	1
925	639	1
925	907	1
925	443	1
925	534	1
925	580	1
926	314	1
926	730	1
926	457	1
926	654	1
926	744	1
926	241	1
926	832	1
926	610	1
926	743	1
926	9	1
926	991	1
926	502	1
926	553	1
926	158	1
926	847	1
927	704	1
927	944	1
927	949	1
927	594	1
928	648	1
928	319	1
928	102	1
928	803	1
928	122	1
928	509	1
928	463	1
928	103	1
928	680	1
928	878	1
928	70	1
928	904	1
929	830	1
929	812	1
929	519	1
929	596	1
929	511	1
929	907	1
929	239	1
929	393	1
929	49	1
930	330	1
930	491	1
930	449	1
930	21	1
930	64	1
930	872	1
930	898	1
930	700	1
931	747	1
931	148	1
931	471	1
931	312	1
931	301	1
931	246	1
931	577	1
931	309	1
931	897	1
932	442	1
932	71	1
933	897	1
933	879	1
933	309	1
933	534	1
933	677	1
934	132	1
934	828	1
934	538	1
934	822	1
934	87	1
934	648	1
934	756	1
934	291	1
935	361	1
935	803	1
935	429	1
935	41	1
935	23	1
936	542	1
936	770	1
936	668	1
936	171	1
936	243	1
936	124	1
937	345	1
937	705	1
937	467	1
937	618	1
937	234	1
938	576	1
938	799	1
938	883	1
938	287	1
938	683	1
938	604	1
938	87	1
938	829	1
938	554	1
938	677	1
939	576	1
939	752	1
939	98	1
939	623	1
939	508	1
939	760	1
939	338	1
939	208	1
939	538	1
940	854	1
940	531	1
941	823	1
941	311	1
941	931	1
941	587	1
941	826	1
941	992	1
941	617	1
941	455	1
941	29	1
941	807	1
941	217	1
941	396	1
941	236	1
941	529	1
942	901	1
942	48	1
942	759	1
942	827	1
942	8	1
942	518	1
943	489	1
943	559	1
943	610	1
943	319	1
943	298	1
944	681	1
944	863	1
944	6	1
944	437	1
944	188	1
944	680	1
944	480	1
945	169	1
945	501	1
945	446	1
945	277	1
945	904	1
945	110	1
945	441	1
945	891	1
945	63	1
945	918	1
945	721	1
945	541	1
946	97	1
946	165	1
946	61	1
946	857	1
946	556	1
946	693	1
947	927	1
947	786	1
947	607	1
947	410	1
947	998	1
947	5	1
947	900	1
948	686	1
948	219	1
948	577	1
948	41	1
948	827	1
948	821	1
948	540	1
948	841	1
948	535	1
948	969	1
949	41	1
949	739	1
949	439	1
949	122	1
949	749	1
949	555	1
949	337	1
949	187	1
949	995	1
949	507	1
949	340	1
949	83	1
949	541	1
949	183	1
949	737	1
949	138	1
949	398	1
949	505	1
950	423	1
950	367	1
950	381	1
950	568	1
950	434	1
951	171	1
951	239	1
951	885	1
951	377	1
951	73	1
951	602	1
951	162	1
951	486	1
951	648	1
951	209	1
951	513	1
951	21	1
952	501	1
952	9	1
952	288	1
952	565	1
952	821	1
952	539	1
952	826	1
952	689	1
953	715	1
953	666	1
953	235	1
953	119	1
953	236	1
953	607	1
954	353	1
954	690	1
954	866	1
954	465	1
954	245	1
954	534	1
954	409	1
954	982	1
954	305	1
954	736	1
954	393	1
954	693	1
954	710	1
954	949	1
954	962	1
954	501	1
954	652	1
954	176	1
954	584	1
954	235	1
954	271	1
954	820	1
954	510	1
955	313	1
955	934	1
955	637	1
956	411	1
956	104	1
956	397	1
957	743	1
957	250	1
957	632	1
957	546	1
957	971	1
957	393	1
958	122	1
958	509	1
958	878	1
958	425	1
958	296	1
958	232	1
958	991	1
958	619	1
958	405	1
958	459	1
958	740	1
958	500	1
959	803	1
959	739	1
959	903	1
959	985	1
959	429	1
959	142	1
959	867	1
959	309	1
959	407	1
959	868	1
959	914	1
960	560	1
960	596	1
960	548	1
960	224	1
960	85	1
960	898	1
960	63	1
960	771	1
960	334	1
960	513	1
960	867	1
960	333	1
960	38	1
960	855	1
961	430	1
961	481	1
961	815	1
961	179	1
961	300	1
961	530	1
961	987	1
962	27	1
962	101	1
962	95	1
962	621	1
962	329	1
962	916	1
962	537	1
962	393	1
962	808	1
962	53	1
963	879	1
963	351	1
963	447	1
964	344	1
964	2	1
964	491	1
964	367	1
964	280	1
964	953	1
965	589	1
965	472	1
965	671	1
965	317	1
965	456	1
965	140	1
965	264	1
966	398	1
966	362	1
966	454	1
966	194	1
966	908	1
966	491	1
966	880	1
966	567	1
966	652	1
966	262	1
966	310	1
966	323	1
966	333	1
966	985	1
966	435	1
967	675	1
967	168	1
968	367	1
968	297	1
968	415	1
968	330	1
968	896	1
968	674	1
968	432	1
968	710	1
968	444	1
968	867	1
968	890	1
968	745	1
969	577	1
969	41	1
969	897	1
969	862	1
969	92	1
969	743	1
969	81	1
969	26	1
969	677	1
969	529	1
969	775	1
970	903	1
970	317	1
970	768	1
970	284	1
971	3	1
971	720	1
971	86	1
971	361	1
971	984	1
971	443	1
971	56	1
971	898	1
971	253	1
971	102	1
972	742	1
973	664	1
973	739	1
973	75	1
973	192	1
973	514	1
973	366	1
973	344	1
973	809	1
973	343	1
973	337	1
973	449	1
973	674	1
973	803	1
973	951	1
973	737	1
973	679	1
974	102	1
974	951	1
974	262	1
974	904	1
974	248	1
974	430	1
974	908	1
974	337	1
974	449	1
974	239	1
975	855	1
975	244	1
975	424	1
975	174	1
975	509	1
975	583	1
976	610	1
977	371	1
977	46	1
977	414	1
977	742	1
977	582	1
977	448	1
978	995	1
978	388	1
978	800	1
978	398	1
978	659	1
978	161	1
978	971	1
978	221	1
978	695	1
978	73	1
979	435	1
979	687	1
979	796	1
979	364	1
979	855	1
980	415	1
980	169	1
980	8	1
980	853	1
980	490	1
980	20	1
980	94	1
980	884	1
980	750	1
980	951	1
980	329	1
980	741	1
980	510	1
981	172	1
981	478	1
981	498	1
981	634	1
981	653	1
981	601	1
981	140	1
981	149	1
982	82	1
982	76	1
982	921	1
982	89	1
982	896	1
982	187	1
982	548	1
982	640	1
982	684	1
982	231	1
982	20	1
982	880	1
982	164	1
982	409	1
982	248	1
982	514	1
983	909	1
983	877	1
983	46	1
983	945	1
983	190	1
983	792	1
983	28	1
983	642	1
984	834	1
984	476	1
984	135	1
984	177	1
984	182	1
984	865	1
984	721	1
984	528	1
984	966	1
984	374	1
984	454	1
984	285	1
984	903	1
985	365	1
985	904	1
985	982	1
985	101	1
985	621	1
985	273	1
985	482	1
985	584	1
985	507	1
985	102	1
985	209	1
986	772	1
986	551	1
986	553	1
987	623	1
987	748	1
987	60	1
987	821	1
988	778	1
988	700	1
988	391	1
988	884	1
988	169	1
988	64	1
988	872	1
988	853	1
988	608	1
988	966	1
988	735	1
988	712	1
988	978	1
989	809	1
989	262	1
989	409	1
989	296	1
989	998	1
989	812	1
989	718	1
989	245	1
989	51	1
989	482	1
989	347	1
990	236	1
990	604	1
990	643	1
990	216	1
990	969	1
990	458	1
990	898	1
990	677	1
990	496	1
990	688	1
990	933	1
990	338	1
990	448	1
990	251	1
990	603	1
991	819	1
991	168	1
992	852	1
992	486	1
992	624	1
992	763	1
992	487	1
992	8	1
992	340	1
992	814	1
992	931	1
993	772	1
993	324	1
993	504	1
993	958	1
993	449	1
993	951	1
993	191	1
993	749	1
993	872	1
994	944	1
994	794	1
994	691	1
995	735	1
995	171	1
995	914	1
995	409	1
995	161	1
995	973	1
995	908	1
996	96	1
996	134	1
996	909	1
996	246	1
996	289	1
996	801	1
996	14	1
996	77	1
996	276	1
997	845	1
997	742	1
997	280	1
997	722	1
997	680	1
997	239	1
998	942	1
998	600	1
998	137	1
998	754	1
998	346	1
998	385	1
999	95	1
999	270	1
999	576	1
999	171	1
999	469	1
999	223	1
1000	785	1
1000	355	1
1000	372	1
1000	77	1
1000	493	1
1000	992	1
1000	92	1
1000	127	1
1000	773	1
1000	557	1
1000	980	1
