1	248	1
1	512	1
1	292	1
1	677	1
1	627	1
1	709	1
1	314	1
1	253	1
1	722	1
1	578	1
1	802	1
1	407	1
1	962	1
1	941	1
2	584	1
2	494	1
2	679	1
2	299	1
2	38	1
2	814	1
2	36	1
2	846	1
3	799	1
3	111	1
3	290	1
3	178	1
3	823	1
3	233	1
3	150	1
3	390	1
4	503	1
4	806	1
4	508	1
4	735	1
4	288	1
4	446	1
4	722	1
4	199	1
4	613	1
4	917	1
5	668	1
5	323	1
5	65	1
5	780	1
5	380	1
5	661	1
5	582	1
5	410	1
5	72	1
5	387	1
6	517	1
6	396	1
6	951	1
6	966	1
6	54	1
6	488	1
6	237	1
6	463	1
6	936	1
6	558	1
7	26	1
7	622	1
7	759	1
7	756	1
7	694	1
7	165	1
7	476	1
7	889	1
7	119	1
8	739	1
8	635	1
8	644	1
8	470	1
8	329	1
8	730	1
8	44	1
8	711	1
8	152	1
8	909	1
8	939	1
8	828	1
8	624	1
8	980	1
8	77	1
9	542	1
9	334	1
9	159	1
9	889	1
9	36	1
9	625	1
10	952	1
10	644	1
10	769	1
10	624	1
10	747	1
10	552	1
10	161	1
11	10	1
11	751	1
11	16	1
11	780	1
11	154	1
11	354	1
11	372	1
11	319	1
11	173	1
12	325	1
12	455	1
12	491	1
13	652	1
13	75	1
13	682	1
13	918	1
13	328	1
13	799	1
14	743	1
14	376	1
14	268	1
14	589	1
14	252	1
14	498	1
14	114	1
15	141	1
15	619	1
15	391	1
15	759	1
15	978	1
15	597	1
15	408	1
15	306	1
15	731	1
15	243	1
15	311	1
15	967	1
15	55	1
15	222	1
15	753	1
16	86	1
16	897	1
16	386	1
16	779	1
16	617	1
16	782	1
16	900	1
16	630	1
16	59	1
17	942	1
17	719	1
17	161	1
17	296	1
17	92	1
17	740	1
17	289	1
18	132	1
18	448	1
18	588	1
18	277	1
18	156	1
18	165	1
18	350	1
18	553	1
18	675	1
18	900	1
18	637	1
18	422	1
19	924	1
19	388	1
19	739	1
19	386	1
19	86	1
19	221	1
19	940	1
20	988	1
20	402	1
20	72	1
20	154	1
20	5	1
20	767	1
20	33	1
20	928	1
21	658	1
21	968	1
21	59	1
21	963	1
21	548	1
21	628	1
21	136	1
21	385	1
21	973	1
21	455	1
21	721	1
22	716	1
22	945	1
22	771	1
22	387	1
22	129	1
22	452	1
22	174	1
22	402	1
22	49	1
22	603	1
22	426	1
23	438	1
23	978	1
23	55	1
23	742	1
23	412	1
23	623	1
23	692	1
23	875	1
24	959	1
24	175	1
24	695	1
24	786	1
24	275	1
24	473	1
24	721	1
25	661	1
25	277	1
25	426	1
25	161	1
25	20	1
25	582	1
25	647	1
25	274	1
25	848	1
26	643	1
26	323	1
26	854	1
26	15	1
26	513	1
26	530	1
26	890	1
26	520	1
27	483	1
27	85	1
27	859	1
27	934	1
27	988	1
27	485	1
27	79	1
27	301	1
27	122	1
27	472	1
28	369	1
28	837	1
28	790	1
28	707	1
28	943	1
28	570	1
28	280	1
28	734	1
29	477	1
29	853	1
30	415	1
30	308	1
30	120	1
30	843	1
30	677	1
31	864	1
31	281	1
31	98	1
31	991	1
31	821	1
31	797	1
31	850	1
31	895	1
31	421	1
31	904	1
31	779	1
32	575	1
32	248	1
32	34	1
32	210	1
32	64	1
33	531	1
33	993	1
33	193	1
33	661	1
33	78	1
33	938	1
33	448	1
33	5	1
33	85	1
33	240	1
33	150	1
34	20	1
34	849	1
34	506	1
34	90	1
34	113	1
35	20	1
35	556	1
35	294	1
35	300	1
35	277	1
35	400	1
35	543	1
35	672	1
35	174	1
35	686	1
35	38	1
35	410	1
35	297	1
35	917	1
36	776	1
36	72	1
37	135	1
37	309	1
37	464	1
37	467	1
37	557	1
37	277	1
37	907	1
38	145	1
38	750	1
38	388	1
38	791	1
39	647	1
39	244	1
39	265	1
39	612	1
39	909	1
39	641	1
39	456	1
39	828	1
39	593	1
39	90	1
39	774	1
39	263	1
40	703	1
40	714	1
40	629	1
40	682	1
40	51	1
40	952	1
40	350	1
40	123	1
40	524	1
40	225	1
40	150	1
40	554	1
41	459	1
41	7	1
41	149	1
41	306	1
41	875	1
41	909	1
41	534	1
41	432	1
41	689	1
41	370	1
41	695	1
41	896	1
41	385	1
42	782	1
42	521	1
42	134	1
42	955	1
42	403	1
42	889	1
42	57	1
42	308	1
42	896	1
43	627	1
43	22	1
43	691	1
43	203	1
43	842	1
44	719	1
44	34	1
44	541	1
45	324	1
45	32	1
45	587	1
45	304	1
46	615	1
46	897	1
46	743	1
46	795	1
46	14	1
46	530	1
47	62	1
47	640	1
47	938	1
47	795	1
47	686	1
47	982	1
47	178	1
48	762	1
48	153	1
48	750	1
48	415	1
48	71	1
48	17	1
48	159	1
48	779	1
49	27	1
49	716	1
49	250	1
49	879	1
49	161	1
49	773	1
49	423	1
49	193	1
49	452	1
49	512	1
49	616	1
49	841	1
49	380	1
50	468	1
50	820	1
50	385	1
50	725	1
50	231	1
50	861	1
50	656	1
50	622	1
51	992	1
51	946	1
51	147	1
51	763	1
52	449	1
52	905	1
52	98	1
52	711	1
52	863	1
52	959	1
52	101	1
52	482	1
53	347	1
53	837	1
53	736	1
53	139	1
53	500	1
53	989	1
53	75	1
53	663	1
53	594	1
54	170	1
54	564	1
54	67	1
54	404	1
54	478	1
54	367	1
55	771	1
55	128	1
55	813	1
55	890	1
55	238	1
55	290	1
55	15	1
55	632	1
56	668	1
56	424	1
56	240	1
56	696	1
56	591	1
56	801	1
57	980	1
57	394	1
57	308	1
57	865	1
57	777	1
57	283	1
57	918	1
57	650	1
58	631	1
58	144	1
58	861	1
58	684	1
58	691	1
58	548	1
58	136	1
58	760	1
59	568	1
59	747	1
59	532	1
59	623	1
59	688	1
59	44	1
59	431	1
60	161	1
60	938	1
60	309	1
60	945	1
60	879	1
60	713	1
60	663	1
60	648	1
61	974	1
61	924	1
61	105	1
61	672	1
62	726	1
62	230	1
62	415	1
62	119	1
62	173	1
62	819	1
62	532	1
62	306	1
62	781	1
62	996	1
62	221	1
62	454	1
62	645	1
62	672	1
62	79	1
62	751	1
62	143	1
63	767	1
63	30	1
63	865	1
63	201	1
63	590	1
63	394	1
64	233	1
64	3	1
64	320	1
64	269	1
64	212	1
64	682	1
64	951	1
64	481	1
64	388	1
65	399	1
65	646	1
65	88	1
65	609	1
65	985	1
65	382	1
65	587	1
65	669	1
65	46	1
65	452	1
65	394	1
65	959	1
66	800	1
66	69	1
66	181	1
66	440	1
66	596	1
67	931	1
67	515	1
67	257	1
67	204	1
67	289	1
68	477	1
68	838	1
68	102	1
68	327	1
68	34	1
68	858	1
69	773	1
69	348	1
69	289	1
69	54	1
70	603	1
70	669	1
70	574	1
70	268	1
70	878	1
70	469	1
70	451	1
70	63	1
70	251	1
70	731	1
70	652	1
70	371	1
70	71	1
70	127	1
71	451	1
71	376	1
72	545	1
72	661	1
72	35	1
72	640	1
72	483	1
73	863	1
73	162	1
73	848	1
73	842	1
73	485	1
73	993	1
73	543	1
73	483	1
73	481	1
73	47	1
73	433	1
74	739	1
74	645	1
74	82	1
74	132	1
74	940	1
74	16	1
74	190	1
75	270	1
75	177	1
75	393	1
76	876	1
76	453	1
76	685	1
76	166	1
77	110	1
77	910	1
77	783	1
77	355	1
77	680	1
78	146	1
78	226	1
78	209	1
78	37	1
78	938	1
79	129	1
79	611	1
79	410	1
79	47	1
79	588	1
79	60	1
79	973	1
79	514	1
79	409	1
79	252	1
79	155	1
79	557	1
79	393	1
80	934	1
80	625	1
80	111	1
80	462	1
80	288	1
80	3	1
80	738	1
80	963	1
80	683	1
81	544	1
81	145	1
81	274	1
81	550	1
81	708	1
81	214	1
81	552	1
82	531	1
82	10	1
82	329	1
82	751	1
82	909	1
82	774	1
82	326	1
82	137	1
83	926	1
83	518	1
83	260	1
83	258	1
83	962	1
83	787	1
83	990	1
83	80	1
83	111	1
83	253	1
83	549	1
84	862	1
84	867	1
84	131	1
84	319	1
84	454	1
85	664	1
85	588	1
85	213	1
85	281	1
85	310	1
85	344	1
85	56	1
85	663	1
85	178	1
85	617	1
85	667	1
85	71	1
85	300	1
85	79	1
85	359	1
85	934	1
86	664	1
86	737	1
86	609	1
86	925	1
86	321	1
86	244	1
86	594	1
86	192	1
86	361	1
87	67	1
87	152	1
87	872	1
87	902	1
87	566	1
88	272	1
88	695	1
88	456	1
88	463	1
88	17	1
88	574	1
88	308	1
88	70	1
89	827	1
89	77	1
89	500	1
89	182	1
89	946	1
89	968	1
90	511	1
90	636	1
90	280	1
90	736	1
90	93	1
90	146	1
90	644	1
90	885	1
91	31	1
91	957	1
91	601	1
91	434	1
92	141	1
92	808	1
92	345	1
92	497	1
92	23	1
92	17	1
92	283	1
92	7	1
92	857	1
93	858	1
93	446	1
93	523	1
93	871	1
93	528	1
93	651	1
94	520	1
94	175	1
94	397	1
94	536	1
95	967	1
95	673	1
95	506	1
95	830	1
95	641	1
95	714	1
95	287	1
96	678	1
96	895	1
96	933	1
97	197	1
97	121	1
97	808	1
97	9	1
97	762	1
98	533	1
98	239	1
98	850	1
98	680	1
98	400	1
98	370	1
98	419	1
98	282	1
98	365	1
98	515	1
98	916	1
99	285	1
99	324	1
99	898	1
99	325	1
100	574	1
100	440	1
100	858	1
100	30	1
100	518	1
101	834	1
101	732	1
101	176	1
101	259	1
101	916	1
101	800	1
101	597	1
101	307	1
101	881	1
101	290	1
101	796	1
102	853	1
102	971	1
102	832	1
102	586	1
102	232	1
103	80	1
103	230	1
103	262	1
103	157	1
103	995	1
103	735	1
103	457	1
103	111	1
103	64	1
103	961	1
103	253	1
104	142	1
104	698	1
104	278	1
104	534	1
104	820	1
104	985	1
104	766	1
104	21	1
104	1000	1
105	897	1
105	488	1
105	338	1
105	425	1
105	752	1
105	647	1
105	53	1
105	594	1
105	82	1
105	509	1
105	437	1
106	20	1
106	771	1
106	247	1
106	836	1
106	822	1
106	287	1
106	254	1
106	15	1
106	883	1
106	930	1
106	507	1
107	449	1
107	407	1
107	891	1
107	817	1
107	419	1
107	508	1
107	225	1
107	965	1
108	373	1
108	976	1
108	340	1
108	306	1
108	974	1
108	534	1
108	723	1
108	773	1
109	151	1
109	947	1
109	786	1
109	387	1
110	884	1
111	24	1
111	118	1
111	446	1
111	514	1
111	922	1
111	578	1
111	202	1
111	253	1
111	66	1
112	353	1
112	619	1
112	311	1
112	609	1
112	187	1
112	825	1
112	30	1
112	130	1
112	1000	1
113	519	1
113	457	1
113	994	1
113	564	1
113	354	1
113	710	1
113	570	1
113	94	1
113	632	1
113	259	1
113	999	1
114	538	1
114	743	1
115	58	1
115	238	1
115	771	1
115	849	1
115	507	1
115	742	1
116	923	1
116	839	1
116	336	1
116	916	1
116	82	1
116	539	1
116	957	1
116	646	1
117	221	1
117	949	1
117	450	1
117	426	1
117	641	1
117	841	1
117	940	1
117	353	1
117	267	1
118	796	1
118	489	1
118	43	1
118	62	1
118	64	1
119	688	1
119	357	1
119	832	1
119	235	1
119	909	1
119	96	1
119	720	1
119	580	1
119	658	1
119	429	1
119	633	1
119	326	1
120	199	1
120	168	1
120	230	1
120	32	1
121	260	1
121	749	1
121	497	1
121	532	1
122	195	1
122	413	1
122	896	1
122	153	1
122	275	1
122	677	1
122	151	1
122	292	1
123	237	1
123	602	1
123	459	1
123	408	1
123	309	1
123	223	1
124	375	1
124	947	1
124	413	1
124	180	1
124	852	1
124	295	1
125	595	1
125	978	1
125	520	1
125	714	1
125	689	1
125	632	1
125	973	1
125	906	1
126	795	1
126	134	1
126	764	1
126	793	1
126	141	1
126	374	1
126	888	1
126	543	1
127	251	1
127	706	1
127	30	1
127	65	1
127	599	1
127	206	1
127	70	1
128	458	1
128	315	1
128	596	1
128	558	1
128	764	1
128	754	1
128	302	1
128	708	1
128	181	1
128	644	1
129	667	1
129	879	1
129	72	1
129	696	1
129	969	1
129	923	1
129	938	1
129	177	1
129	656	1
129	160	1
130	369	1
130	812	1
130	624	1
130	967	1
130	73	1
130	672	1
130	778	1
130	16	1
130	341	1
130	372	1
130	839	1
131	317	1
131	174	1
131	540	1
131	44	1
131	69	1
131	541	1
131	652	1
131	644	1
131	737	1
131	437	1
132	142	1
132	931	1
132	347	1
132	588	1
133	424	1
133	289	1
133	522	1
133	497	1
133	871	1
133	768	1
134	376	1
134	699	1
134	488	1
135	850	1
135	371	1
135	778	1
135	234	1
135	255	1
135	29	1
135	259	1
135	855	1
136	295	1
136	341	1
136	45	1
136	80	1
136	820	1
136	715	1
136	332	1
136	733	1
136	934	1
137	275	1
137	112	1
137	905	1
137	192	1
137	567	1
137	826	1
137	191	1
137	712	1
137	830	1
137	477	1
137	88	1
138	851	1
138	499	1
138	108	1
138	726	1
138	620	1
138	195	1
138	700	1
139	280	1
139	949	1
139	105	1
139	159	1
139	652	1
139	567	1
139	830	1
139	737	1
139	130	1
139	751	1
139	166	1
139	752	1
140	948	1
140	343	1
140	150	1
140	752	1
140	718	1
140	794	1
140	92	1
140	253	1
140	544	1
140	547	1
140	817	1
140	844	1
141	642	1
141	607	1
141	88	1
141	371	1
141	617	1
141	903	1
141	233	1
141	377	1
141	186	1
142	600	1
142	265	1
142	411	1
142	306	1
142	519	1
142	914	1
142	438	1
143	843	1
143	828	1
143	546	1
143	400	1
143	34	1
143	369	1
143	140	1
143	648	1
143	734	1
144	108	1
144	822	1
144	908	1
144	106	1
144	466	1
144	664	1
144	139	1
144	15	1
144	95	1
144	831	1
144	44	1
144	459	1
144	820	1
144	14	1
144	377	1
144	878	1
145	795	1
145	53	1
145	585	1
145	183	1
145	150	1
145	855	1
145	28	1
145	629	1
146	564	1
146	906	1
146	776	1
146	123	1
146	145	1
146	943	1
146	921	1
146	140	1
147	583	1
147	466	1
147	214	1
147	31	1
147	370	1
147	990	1
148	787	1
148	788	1
148	356	1
148	240	1
148	346	1
149	432	1
149	464	1
149	536	1
149	507	1
149	94	1
149	26	1
149	231	1
150	358	1
150	680	1
150	320	1
150	718	1
151	115	1
151	897	1
151	170	1
151	448	1
151	701	1
152	693	1
152	483	1
152	69	1
152	430	1
152	875	1
152	895	1
152	725	1
152	99	1
152	564	1
152	67	1
153	199	1
153	242	1
153	264	1
153	447	1
154	166	1
154	594	1
154	117	1
154	59	1
154	812	1
154	353	1
154	709	1
154	16	1
155	648	1
155	298	1
155	409	1
155	458	1
155	35	1
155	495	1
155	679	1
155	582	1
155	338	1
155	693	1
155	47	1
155	661	1
155	49	1
155	294	1
156	880	1
156	92	1
156	651	1
156	70	1
156	719	1
156	130	1
156	923	1
156	7	1
156	197	1
156	621	1
157	111	1
157	802	1
157	198	1
157	613	1
157	312	1
157	253	1
157	480	1
157	71	1
157	230	1
157	495	1
158	450	1
158	388	1
158	377	1
158	29	1
158	858	1
158	872	1
158	212	1
158	816	1
158	811	1
158	38	1
159	424	1
159	816	1
159	97	1
159	130	1
159	768	1
159	255	1
159	133	1
159	156	1
159	48	1
159	377	1
159	490	1
159	117	1
159	598	1
159	289	1
159	110	1
160	444	1
160	314	1
160	678	1
160	56	1
161	25	1
161	433	1
161	848	1
161	334	1
161	505	1
161	395	1
161	851	1
162	993	1
162	344	1
162	193	1
162	22	1
162	258	1
162	765	1
162	426	1
162	603	1
162	487	1
162	717	1
162	240	1
162	733	1
162	661	1
162	945	1
162	60	1
162	207	1
162	178	1
162	200	1
162	452	1
162	616	1
163	841	1
163	539	1
163	959	1
163	463	1
163	407	1
163	560	1
163	576	1
163	229	1
163	353	1
163	741	1
163	182	1
163	561	1
163	555	1
163	91	1
164	458	1
164	98	1
164	751	1
164	228	1
164	336	1
164	904	1
164	315	1
164	369	1
164	755	1
164	828	1
165	464	1
165	472	1
165	174	1
165	20	1
165	907	1
165	193	1
165	159	1
165	874	1
165	209	1
166	44	1
166	825	1
166	617	1
166	912	1
166	739	1
166	11	1
166	570	1
167	909	1
167	789	1
167	942	1
167	659	1
168	908	1
168	210	1
169	835	1
169	415	1
169	625	1
169	964	1
169	994	1
169	966	1
169	810	1
169	769	1
170	483	1
170	147	1
170	307	1
170	265	1
170	99	1
170	342	1
170	708	1
171	436	1
171	732	1
171	635	1
171	370	1
172	225	1
172	354	1
172	895	1
172	216	1
173	939	1
173	82	1
173	55	1
173	90	1
173	570	1
173	112	1
173	635	1
173	237	1
173	759	1
173	179	1
173	817	1
173	793	1
173	319	1
173	688	1
173	194	1
173	567	1
174	499	1
174	668	1
174	29	1
174	444	1
175	735	1
175	642	1
175	46	1
175	812	1
175	955	1
176	44	1
176	116	1
176	631	1
176	163	1
176	571	1
176	276	1
176	335	1
176	350	1
177	167	1
177	174	1
177	940	1
177	850	1
177	247	1
177	194	1
178	686	1
178	733	1
178	917	1
178	879	1
178	72	1
178	745	1
178	557	1
178	400	1
179	321	1
179	674	1
179	881	1
179	264	1
179	66	1
179	625	1
179	737	1
179	112	1
179	807	1
180	895	1
180	96	1
180	747	1
180	254	1
180	340	1
180	538	1
181	349	1
181	785	1
181	816	1
181	69	1
181	796	1
181	152	1
181	596	1
181	67	1
182	151	1
182	77	1
182	657	1
182	796	1
182	226	1
183	224	1
183	640	1
183	360	1
183	713	1
183	726	1
183	40	1
183	535	1
184	21	1
184	98	1
184	794	1
184	164	1
184	101	1
184	720	1
184	639	1
184	442	1
185	919	1
185	246	1
185	426	1
185	627	1
185	531	1
185	708	1
185	706	1
185	448	1
185	198	1
185	43	1
185	738	1
185	226	1
185	961	1
185	803	1
185	575	1
185	904	1
185	686	1
186	264	1
186	320	1
186	495	1
186	922	1
186	230	1
186	253	1
186	708	1
187	16	1
187	503	1
187	925	1
187	745	1
187	464	1
187	4	1
187	131	1
187	690	1
187	143	1
187	5	1
187	284	1
187	766	1
187	347	1
187	62	1
188	320	1
188	278	1
188	742	1
188	23	1
188	831	1
188	5	1
188	58	1
188	676	1
188	822	1
188	26	1
188	15	1
188	420	1
189	220	1
189	245	1
189	291	1
189	413	1
189	592	1
189	587	1
189	881	1
189	151	1
190	821	1
190	652	1
190	143	1
190	369	1
190	641	1
190	461	1
190	997	1
190	90	1
190	561	1
190	502	1
191	594	1
191	989	1
191	903	1
191	263	1
191	758	1
191	984	1
191	423	1
191	827	1
191	546	1
191	841	1
191	425	1
192	532	1
192	326	1
192	629	1
192	589	1
192	830	1
192	119	1
193	538	1
193	338	1
193	73	1
193	433	1
193	353	1
193	857	1
193	115	1
194	175	1
194	542	1
194	901	1
194	800	1
194	827	1
194	85	1
194	233	1
194	985	1
194	157	1
194	831	1
195	582	1
195	845	1
195	96	1
196	177	1
196	697	1
196	253	1
196	944	1
196	201	1
196	671	1
197	836	1
197	913	1
197	762	1
197	833	1
197	821	1
197	835	1
197	165	1
197	121	1
197	611	1
197	48	1
198	633	1
198	260	1
198	202	1
198	549	1
198	64	1
198	638	1
198	820	1
198	810	1
198	203	1
198	919	1
198	791	1
198	41	1
198	182	1
199	562	1
199	428	1
199	432	1
199	926	1
199	103	1
199	233	1
199	4	1
199	557	1
199	800	1
200	25	1
200	410	1
200	65	1
200	531	1
200	693	1
200	562	1
200	209	1
200	165	1
200	350	1
201	760	1
201	998	1
202	143	1
202	248	1
202	484	1
202	219	1
202	718	1
202	562	1
202	372	1
202	226	1
202	270	1
203	230	1
203	226	1
203	36	1
203	925	1
203	498	1
203	383	1
203	157	1
203	194	1
204	699	1
204	668	1
204	23	1
204	875	1
204	656	1
204	715	1
204	142	1
204	712	1
204	999	1
204	714	1
205	288	1
205	683	1
205	259	1
205	29	1
205	153	1
205	264	1
205	999	1
206	586	1
206	948	1
206	25	1
206	214	1
207	913	1
207	769	1
207	261	1
207	76	1
208	369	1
208	617	1
208	143	1
208	705	1
208	778	1
208	100	1
208	516	1
208	532	1
208	819	1
209	640	1
209	938	1
209	967	1
209	356	1
209	18	1
209	370	1
209	211	1
209	427	1
210	118	1
210	960	1
210	578	1
210	242	1
210	272	1
210	248	1
210	720	1
210	222	1
210	83	1
210	953	1
210	153	1
210	627	1
211	37	1
211	165	1
211	693	1
211	35	1
211	568	1
211	392	1
211	161	1
211	907	1
212	990	1
212	765	1
212	633	1
212	410	1
212	129	1
212	588	1
212	402	1
213	56	1
213	279	1
213	392	1
213	45	1
213	320	1
213	218	1
213	538	1
213	772	1
213	85	1
213	433	1
214	335	1
214	610	1
214	110	1
214	13	1
214	921	1
214	757	1
214	206	1
214	366	1
214	183	1
214	113	1
214	736	1
215	962	1
215	118	1
215	953	1
215	843	1
215	205	1
215	567	1
215	258	1
215	321	1
215	608	1
215	803	1
215	153	1
216	296	1
216	292	1
216	871	1
216	311	1
216	487	1
217	132	1
217	49	1
217	26	1
217	484	1
217	412	1
217	831	1
217	530	1
218	35	1
218	874	1
218	993	1
218	988	1
218	514	1
218	211	1
218	758	1
218	675	1
218	978	1
218	87	1
219	512	1
219	267	1
219	594	1
219	606	1
219	575	1
219	803	1
220	817	1
220	417	1
220	2	1
220	564	1
221	812	1
221	765	1
221	192	1
221	764	1
221	814	1
222	142	1
222	788	1
222	509	1
222	205	1
222	523	1
222	758	1
222	708	1
222	727	1
222	930	1
222	738	1
222	1	1
222	260	1
223	145	1
223	734	1
223	200	1
223	224	1
223	72	1
224	223	1
224	535	1
224	874	1
224	403	1
225	313	1
225	460	1
225	553	1
225	864	1
225	164	1
225	799	1
225	224	1
225	418	1
226	811	1
226	808	1
226	806	1
226	503	1
226	297	1
226	694	1
226	205	1
227	910	1
228	850	1
228	506	1
228	475	1
228	37	1
228	800	1
228	834	1
228	302	1
228	313	1
228	896	1
228	124	1
228	89	1
228	818	1
228	529	1
229	553	1
229	991	1
229	659	1
229	891	1
230	274	1
230	284	1
230	178	1
230	926	1
230	869	1
230	735	1
230	951	1
230	962	1
230	293	1
231	266	1
231	332	1
231	1000	1
231	878	1
231	726	1
232	261	1
232	367	1
232	435	1
232	610	1
232	936	1
233	931	1
233	210	1
233	100	1
233	269	1
233	219	1
234	634	1
234	32	1
234	948	1
235	201	1
235	221	1
235	567	1
235	406	1
235	707	1
235	151	1
235	819	1
235	472	1
235	393	1
236	373	1
236	832	1
236	110	1
236	324	1
236	712	1
236	816	1
237	372	1
237	329	1
237	61	1
237	10	1
237	328	1
237	122	1
237	489	1
237	418	1
237	949	1
237	472	1
237	123	1
237	798	1
238	432	1
238	876	1
238	723	1
238	364	1
238	527	1
238	917	1
238	963	1
238	913	1
238	633	1
238	96	1
239	116	1
239	449	1
239	98	1
239	337	1
239	800	1
239	381	1
239	923	1
239	766	1
239	864	1
239	176	1
239	559	1
240	634	1
240	677	1
240	761	1
241	206	1
241	705	1
241	366	1
241	403	1
241	223	1
241	524	1
241	146	1
242	807	1
242	80	1
242	194	1
242	862	1
242	708	1
242	253	1
242	288	1
242	153	1
242	504	1
242	293	1
243	600	1
243	62	1
243	484	1
243	569	1
243	715	1
243	930	1
243	83	1
243	691	1
244	39	1
244	192	1
244	82	1
244	862	1
244	330	1
244	410	1
244	694	1
244	830	1
244	881	1
245	983	1
245	243	1
245	404	1
245	689	1
246	979	1
246	80	1
246	103	1
246	690	1
247	619	1
247	184	1
247	239	1
247	363	1
247	604	1
247	313	1
247	405	1
247	235	1
247	228	1
247	760	1
248	985	1
248	157	1
248	3	1
248	511	1
248	771	1
249	632	1
249	873	1
249	798	1
249	197	1
249	190	1
249	541	1
249	826	1
249	28	1
249	387	1
249	617	1
249	284	1
250	150	1
250	82	1
251	471	1
251	980	1
251	677	1
251	915	1
251	436	1
251	88	1
251	870	1
251	708	1
252	376	1
252	489	1
252	274	1
252	860	1
253	4	1
253	869	1
253	242	1
253	979	1
253	694	1
253	386	1
253	1000	1
253	733	1
253	928	1
253	327	1
254	794	1
254	306	1
254	875	1
254	513	1
254	574	1
254	385	1
254	243	1
254	347	1
254	593	1
254	572	1
255	135	1
255	236	1
255	421	1
255	372	1
255	813	1
255	729	1
255	726	1
255	827	1
255	400	1
256	458	1
256	924	1
256	304	1
256	381	1
256	322	1
257	232	1
257	931	1
257	99	1
257	589	1
257	67	1
257	396	1
257	243	1
258	806	1
258	951	1
258	575	1
258	382	1
258	780	1
259	732	1
259	61	1
259	726	1
259	138	1
259	827	1
260	800	1
260	194	1
260	186	1
260	789	1
260	105	1
260	269	1
260	790	1
260	32	1
260	549	1
261	576	1
261	642	1
261	407	1
261	9	1
261	158	1
262	4	1
262	820	1
262	231	1
262	1	1
262	951	1
262	246	1
262	720	1
262	885	1
263	817	1
263	137	1
263	826	1
263	221	1
263	321	1
263	636	1
263	481	1
263	286	1
263	472	1
263	961	1
263	425	1
263	752	1
263	997	1
264	3	1
264	405	1
264	908	1
264	1	1
264	926	1
264	142	1
264	32	1
264	222	1
264	962	1
264	843	1
264	365	1
264	295	1
265	860	1
265	751	1
265	23	1
265	483	1
265	602	1
265	802	1
265	723	1
265	188	1
265	332	1
265	207	1
266	783	1
266	307	1
266	829	1
266	322	1
266	555	1
266	597	1
266	31	1
266	755	1
266	163	1
266	364	1
267	808	1
267	432	1
267	950	1
267	595	1
267	919	1
267	811	1
267	253	1
268	633	1
268	352	1
268	301	1
268	835	1
268	870	1
268	318	1
268	510	1
269	495	1
269	823	1
269	708	1
269	627	1
269	879	1
269	638	1
269	549	1
269	526	1
269	503	1
269	498	1
270	525	1
270	794	1
270	263	1
270	899	1
270	980	1
270	783	1
271	20	1
271	917	1
271	102	1
271	914	1
271	686	1
271	982	1
271	211	1
271	876	1
271	344	1
271	772	1
271	875	1
272	864	1
272	368	1
272	349	1
272	33	1
273	950	1
273	997	1
273	589	1
273	826	1
273	541	1
273	819	1
273	191	1
273	830	1
273	131	1
273	406	1
273	897	1
273	560	1
274	506	1
274	194	1
274	356	1
274	72	1
274	143	1
274	758	1
274	943	1
274	920	1
274	987	1
274	303	1
274	879	1
275	201	1
275	868	1
275	14	1
275	318	1
275	449	1
275	210	1
275	870	1
275	703	1
276	342	1
276	98	1
276	337	1
276	881	1
276	18	1
276	302	1
276	776	1
276	923	1
276	452	1
276	905	1
277	991	1
277	988	1
277	982	1
277	545	1
277	848	1
277	213	1
277	418	1
277	271	1
277	452	1
277	169	1
277	874	1
278	77	1
278	771	1
278	846	1
278	854	1
278	506	1
278	41	1
278	725	1
278	265	1
279	35	1
279	483	1
279	294	1
279	303	1
279	668	1
279	72	1
280	541	1
280	84	1
280	191	1
280	273	1
280	179	1
280	878	1
280	909	1
280	86	1
280	119	1
280	456	1
280	730	1
281	102	1
281	255	1
281	550	1
281	38	1
281	190	1
281	783	1
282	799	1
282	749	1
282	597	1
282	153	1
282	553	1
282	239	1
283	374	1
283	92	1
283	685	1
284	636	1
284	690	1
284	609	1
284	361	1
284	826	1
284	216	1
284	923	1
284	16	1
284	302	1
284	218	1
284	34	1
284	798	1
285	556	1
285	414	1
285	796	1
285	318	1
286	690	1
286	591	1
286	361	1
286	609	1
286	503	1
286	197	1
286	628	1
286	385	1
286	326	1
286	964	1
286	386	1
287	428	1
287	658	1
287	963	1
287	459	1
287	595	1
287	404	1
287	804	1
287	548	1
287	455	1
287	632	1
288	327	1
288	293	1
288	842	1
288	926	1
288	194	1
288	103	1
288	210	1
288	718	1
289	935	1
289	211	1
289	621	1
289	849	1
289	133	1
289	902	1
290	23	1
290	623	1
290	879	1
290	715	1
290	787	1
290	455	1
290	137	1
290	149	1
291	698	1
291	393	1
291	36	1
292	463	1
292	491	1
293	202	1
293	120	1
293	440	1
293	627	1
293	208	1
293	922	1
294	968	1
294	717	1
294	409	1
294	37	1
294	218	1
294	49	1
294	308	1
294	467	1
294	696	1
294	443	1
294	132	1
294	182	1
295	820	1
295	976	1
295	854	1
295	676	1
295	715	1
295	457	1
295	528	1
295	890	1
296	497	1
296	404	1
296	322	1
296	888	1
296	911	1
296	207	1
296	871	1
296	810	1
296	501	1
297	274	1
297	160	1
297	756	1
297	85	1
297	269	1
297	928	1
297	920	1
297	765	1
297	236	1
297	801	1
297	516	1
297	132	1
298	769	1
298	207	1
298	679	1
298	607	1
298	156	1
299	809	1
299	763	1
299	30	1
299	659	1
299	584	1
299	360	1
299	158	1
300	844	1
300	525	1
300	294	1
300	129	1
300	47	1
300	433	1
301	671	1
301	788	1
301	461	1
301	63	1
301	981	1
301	839	1
301	474	1
302	310	1
302	91	1
302	276	1
302	930	1
302	905	1
302	864	1
302	716	1
303	271	1
303	481	1
303	212	1
303	772	1
303	279	1
303	485	1
303	717	1
303	682	1
304	496	1
305	108	1
305	263	1
305	450	1
305	207	1
305	876	1
306	959	1
306	513	1
306	715	1
306	632	1
306	340	1
306	50	1
306	396	1
307	987	1
307	365	1
307	458	1
307	397	1
307	587	1
307	176	1
307	13	1
307	688	1
307	619	1
308	196	1
308	175	1
308	114	1
308	899	1
308	134	1
309	734	1
309	224	1
309	363	1
309	801	1
309	392	1
309	531	1
309	668	1
310	294	1
310	155	1
310	412	1
310	603	1
310	640	1
310	154	1
311	246	1
311	615	1
311	386	1
311	547	1
311	192	1
311	252	1
312	154	1
312	708	1
312	630	1
312	264	1
312	105	1
313	204	1
313	38	1
313	606	1
313	682	1
313	781	1
313	634	1
313	337	1
313	799	1
314	577	1
314	892	1
314	782	1
314	140	1
314	807	1
314	49	1
314	269	1
314	253	1
314	859	1
314	196	1
314	720	1
315	800	1
315	168	1
315	271	1
315	32	1
315	786	1
315	365	1
315	449	1
315	469	1
315	31	1
315	539	1
315	322	1
316	660	1
316	402	1
316	758	1
316	483	1
316	790	1
316	538	1
317	637	1
317	138	1
317	440	1
317	649	1
317	316	1
317	713	1
318	815	1
318	291	1
318	743	1
318	335	1
318	650	1
318	980	1
318	488	1
318	319	1
318	127	1
319	781	1
319	345	1
319	787	1
319	774	1
319	617	1
320	451	1
320	613	1
320	79	1
320	990	1
320	264	1
320	340	1
320	806	1
320	995	1
320	43	1
321	798	1
321	8	1
321	502	1
321	711	1
321	541	1
321	867	1
322	108	1
322	256	1
322	750	1
322	655	1
322	558	1
322	350	1
323	178	1
323	668	1
323	350	1
323	433	1
323	982	1
323	616	1
323	696	1
323	162	1
323	310	1
324	427	1
324	232	1
324	181	1
324	317	1
324	45	1
324	934	1
324	486	1
325	67	1
325	909	1
326	119	1
326	568	1
326	567	1
326	132	1
326	101	1
327	720	1
327	903	1
327	4	1
328	525	1
328	362	1
328	442	1
328	9	1
328	315	1
328	572	1
329	32	1
329	10	1
329	781	1
329	867	1
329	672	1
329	90	1
329	707	1
329	841	1
329	44	1
329	834	1
329	636	1
330	142	1
330	561	1
330	282	1
330	315	1
330	242	1
330	533	1
330	536	1
330	592	1
330	700	1
331	284	1
331	19	1
331	502	1
331	461	1
331	774	1
331	909	1
331	781	1
331	326	1
332	464	1
332	132	1
332	681	1
332	468	1
332	426	1
332	306	1
332	731	1
332	94	1
332	572	1
332	754	1
332	466	1
332	411	1
332	55	1
332	975	1
333	413	1
333	776	1
333	491	1
333	675	1
334	402	1
334	693	1
334	109	1
335	200	1
335	995	1
335	345	1
335	620	1
335	956	1
335	193	1
335	389	1
336	919	1
336	184	1
336	72	1
336	923	1
336	98	1
336	364	1
336	333	1
336	646	1
337	98	1
337	469	1
337	90	1
337	951	1
337	724	1
337	544	1
337	398	1
337	431	1
337	864	1
337	228	1
337	490	1
338	27	1
338	920	1
338	294	1
338	874	1
338	193	1
338	917	1
338	686	1
338	318	1
338	416	1
338	732	1
338	300	1
338	334	1
339	240	1
339	796	1
339	480	1
339	252	1
339	216	1
339	792	1
340	639	1
340	536	1
340	265	1
340	459	1
340	602	1
340	10	1
340	651	1
341	55	1
341	628	1
341	94	1
341	860	1
341	131	1
341	58	1
341	595	1
341	373	1
341	474	1
342	593	1
342	174	1
342	455	1
342	340	1
342	991	1
342	619	1
342	852	1
342	449	1
342	302	1
342	850	1
343	882	1
343	51	1
343	366	1
343	705	1
343	480	1
343	152	1
344	356	1
344	916	1
344	700	1
344	889	1
344	733	1
344	56	1
344	102	1
344	78	1
344	616	1
344	526	1
344	477	1
344	874	1
344	72	1
345	666	1
345	6	1
345	455	1
345	809	1
345	699	1
345	567	1
345	150	1
346	415	1
346	283	1
346	698	1
346	423	1
346	764	1
346	906	1
346	207	1
347	837	1
347	112	1
347	502	1
347	34	1
347	143	1
347	187	1
347	211	1
348	880	1
348	325	1
348	757	1
348	501	1
348	817	1
348	836	1
349	29	1
349	824	1
349	18	1
349	362	1
349	838	1
349	818	1
349	255	1
349	853	1
350	686	1
350	20	1
350	184	1
350	492	1
350	297	1
350	447	1
350	410	1
350	595	1
350	993	1
350	717	1
351	23	1
351	591	1
351	600	1
351	759	1
351	115	1
351	295	1
351	287	1
351	106	1
351	883	1
352	365	1
352	999	1
352	626	1
353	347	1
353	924	1
353	997	1
353	386	1
353	173	1
353	370	1
353	730	1
353	249	1
353	280	1
353	740	1
353	565	1
354	725	1
354	878	1
354	30	1
354	973	1
354	113	1
354	367	1
354	736	1
354	341	1
354	125	1
354	753	1
355	929	1
355	949	1
355	647	1
355	688	1
355	471	1
355	541	1
355	793	1
355	532	1
356	150	1
356	899	1
356	8	1
356	136	1
356	360	1
356	716	1
356	940	1
356	663	1
356	132	1
356	601	1
356	271	1
356	338	1
356	47	1
357	144	1
357	408	1
357	974	1
357	860	1
357	256	1
357	725	1
357	831	1
357	536	1
357	786	1
357	425	1
358	412	1
358	714	1
358	48	1
358	509	1
358	621	1
359	678	1
359	877	1
359	241	1
359	936	1
359	551	1
359	483	1
360	40	1
360	713	1
360	955	1
360	150	1
361	353	1
361	62	1
361	730	1
361	828	1
361	925	1
361	739	1
361	641	1
361	940	1
361	425	1
362	102	1
362	726	1
362	649	1
363	639	1
363	128	1
363	464	1
363	816	1
363	529	1
363	821	1
363	957	1
363	442	1
363	276	1
364	584	1
364	904	1
364	881	1
364	515	1
364	983	1
364	933	1
365	834	1
365	398	1
365	981	1
365	942	1
365	646	1
365	239	1
366	992	1
366	311	1
366	455	1
366	140	1
366	417	1
366	226	1
366	183	1
367	20	1
367	866	1
367	998	1
367	697	1
367	143	1
367	391	1
367	846	1
368	873	1
368	584	1
368	170	1
368	124	1
368	20	1
369	321	1
369	190	1
369	672	1
369	137	1
369	630	1
369	924	1
369	361	1
369	970	1
369	751	1
369	28	1
369	133	1
369	441	1
369	645	1
369	830	1
369	925	1
370	532	1
370	166	1
370	984	1
370	41	1
370	641	1
370	989	1
370	39	1
370	11	1
370	848	1
370	139	1
370	841	1
371	450	1
371	388	1
371	992	1
371	377	1
371	985	1
371	374	1
371	888	1
371	346	1
371	740	1
371	823	1
372	479	1
372	461	1
372	964	1
372	957	1
372	929	1
372	984	1
372	131	1
372	645	1
372	924	1
373	595	1
373	820	1
373	906	1
373	231	1
373	861	1
373	332	1
374	302	1
374	474	1
374	769	1
374	76	1
374	298	1
374	210	1
375	679	1
375	30	1
375	822	1
375	576	1
375	773	1
376	318	1
376	71	1
376	695	1
376	167	1
376	239	1
376	514	1
376	425	1
376	788	1
377	903	1
377	808	1
377	829	1
377	417	1
377	133	1
377	933	1
377	604	1
377	93	1
377	505	1
378	301	1
378	743	1
378	447	1
378	414	1
378	797	1
378	137	1
378	316	1
378	384	1
378	436	1
379	660	1
379	673	1
379	446	1
379	507	1
379	822	1
379	818	1
379	479	1
379	354	1
379	865	1
379	662	1
380	35	1
380	674	1
380	514	1
380	518	1
380	851	1
380	686	1
380	356	1
380	648	1
380	467	1
380	447	1
381	326	1
381	164	1
381	634	1
381	589	1
381	176	1
381	623	1
381	330	1
381	710	1
381	736	1
381	515	1
381	163	1
381	78	1
381	460	1
382	704	1
382	650	1
382	631	1
382	771	1
382	114	1
382	797	1
382	487	1
382	222	1
382	7	1
382	167	1
382	284	1
383	717	1
383	625	1
384	903	1
384	631	1
384	399	1
384	126	1
384	182	1
384	448	1
384	945	1
384	835	1
384	568	1
385	857	1
385	802	1
385	520	1
385	348	1
385	595	1
385	602	1
385	243	1
385	530	1
386	652	1
386	927	1
386	925	1
386	429	1
386	739	1
386	957	1
386	885	1
386	812	1
386	166	1
386	90	1
386	372	1
386	301	1
386	782	1
386	541	1
387	20	1
387	849	1
387	690	1
387	661	1
387	969	1
387	543	1
387	659	1
387	160	1
388	912	1
388	557	1
388	710	1
388	700	1
388	924	1
389	563	1
389	894	1
389	936	1
389	758	1
389	630	1
389	912	1
389	523	1
389	876	1
390	662	1
390	848	1
390	577	1
390	683	1
390	189	1
390	133	1
390	974	1
390	941	1
390	984	1
390	733	1
390	327	1
390	595	1
390	114	1
391	357	1
391	411	1
391	854	1
391	401	1
391	680	1
391	432	1
391	385	1
392	444	1
392	376	1
392	987	1
392	338	1
392	427	1
392	675	1
392	178	1
392	155	1
393	551	1
393	748	1
393	877	1
393	189	1
393	634	1
393	913	1
393	423	1
393	862	1
393	598	1
393	893	1
393	222	1
394	488	1
394	123	1
394	46	1
394	65	1
394	977	1
394	980	1
395	387	1
395	331	1
395	800	1
395	557	1
395	648	1
395	874	1
395	970	1
395	859	1
395	73	1
395	734	1
395	696	1
395	616	1
395	212	1
396	775	1
396	773	1
396	798	1
397	324	1
397	910	1
397	235	1
397	497	1
397	664	1
397	766	1
397	326	1
397	597	1
397	108	1
397	223	1
397	527	1
397	407	1
397	656	1
398	942	1
398	257	1
398	13	1
398	337	1
398	902	1
398	991	1
398	592	1
398	682	1
398	116	1
398	687	1
398	317	1
398	47	1
399	307	1
399	799	1
399	654	1
399	689	1
399	65	1
399	904	1
399	865	1
399	114	1
399	71	1
400	907	1
400	679	1
400	259	1
400	900	1
400	297	1
400	851	1
400	241	1
400	734	1
400	5	1
400	987	1
400	274	1
400	522	1
401	849	1
401	94	1
401	976	1
401	278	1
401	506	1
401	734	1
401	295	1
401	341	1
401	354	1
401	560	1
401	754	1
401	468	1
401	593	1
401	698	1
402	279	1
402	859	1
402	432	1
402	611	1
402	78	1
402	138	1
402	603	1
402	350	1
402	980	1
402	969	1
402	204	1
402	341	1
403	163	1
403	320	1
403	40	1
403	895	1
403	479	1
403	912	1
403	513	1
404	937	1
404	352	1
404	757	1
405	640	1
406	59	1
406	179	1
406	84	1
406	696	1
406	495	1
406	326	1
406	380	1
406	152	1
406	774	1
406	86	1
406	28	1
406	502	1
407	661	1
407	555	1
407	864	1
407	336	1
407	262	1
408	58	1
408	861	1
408	231	1
408	931	1
408	698	1
408	593	1
408	290	1
408	720	1
408	113	1
408	438	1
408	822	1
408	416	1
408	466	1
408	115	1
408	628	1
409	737	1
409	387	1
409	443	1
409	155	1
409	433	1
409	543	1
409	399	1
409	930	1
410	879	1
410	655	1
410	78	1
410	562	1
411	952	1
411	391	1
411	265	1
411	715	1
411	153	1
411	976	1
411	839	1
411	466	1
411	567	1
411	572	1
412	914	1
412	26	1
412	290	1
412	217	1
412	459	1
412	754	1
413	442	1
413	172	1
413	863	1
413	314	1
414	877	1
414	699	1
414	703	1
414	891	1
414	276	1
415	424	1
415	197	1
415	933	1
415	501	1
415	22	1
415	903	1
415	913	1
416	928	1
416	380	1
416	444	1
416	734	1
416	514	1
416	5	1
416	663	1
416	27	1
417	343	1
417	149	1
417	140	1
417	445	1
417	214	1
417	854	1
417	849	1
417	688	1
418	923	1
418	916	1
418	597	1
418	952	1
418	247	1
418	687	1
418	81	1
418	227	1
418	226	1
418	64	1
418	803	1
419	232	1
419	973	1
419	148	1
419	682	1
419	755	1
419	400	1
419	864	1
419	52	1
419	347	1
420	411	1
420	468	1
420	742	1
420	999	1
420	457	1
420	820	1
420	641	1
420	699	1
420	854	1
420	373	1
420	725	1
420	142	1
420	813	1
421	395	1
421	402	1
421	907	1
421	350	1
421	236	1
421	791	1
421	25	1
421	897	1
421	622	1
421	600	1
422	879	1
422	256	1
422	557	1
422	864	1
422	408	1
422	387	1
422	582	1
422	23	1
422	221	1
423	424	1
423	512	1
423	345	1
423	947	1
424	886	1
424	913	1
424	159	1
424	894	1
424	873	1
424	757	1
424	900	1
425	711	1
425	876	1
425	826	1
425	154	1
425	925	1
425	751	1
425	284	1
425	566	1
425	841	1
425	552	1
425	126	1
425	557	1
426	209	1
426	115	1
426	496	1
426	950	1
426	459	1
426	294	1
426	668	1
426	447	1
426	481	1
427	178	1
427	717	1
427	85	1
427	79	1
427	616	1
427	174	1
428	572	1
428	212	1
428	662	1
428	963	1
428	306	1
428	403	1
428	729	1
428	485	1
428	265	1
429	500	1
429	782	1
429	544	1
429	541	1
429	948	1
429	534	1
429	222	1
430	87	1
430	836	1
430	255	1
430	525	1
430	994	1
430	488	1
430	114	1
431	143	1
431	406	1
431	885	1
431	841	1
431	319	1
431	74	1
431	812	1
431	286	1
431	624	1
431	139	1
431	408	1
431	339	1
432	604	1
432	144	1
432	759	1
432	643	1
432	231	1
433	661	1
433	324	1
433	745	1
434	745	1
434	162	1
434	212	1
434	765	1
434	279	1
434	887	1
434	603	1
434	677	1
434	995	1
434	979	1
434	49	1
434	945	1
435	87	1
435	298	1
435	172	1
435	287	1
435	682	1
435	362	1
435	392	1
436	896	1
436	571	1
436	562	1
436	944	1
436	91	1
436	218	1
436	987	1
436	642	1
436	704	1
437	216	1
437	139	1
437	361	1
437	412	1
437	190	1
437	812	1
437	47	1
437	109	1
437	192	1
438	878	1
438	593	1
438	656	1
438	106	1
438	457	1
438	494	1
439	859	1
439	895	1
439	697	1
439	272	1
439	838	1
439	783	1
439	713	1
439	420	1
439	788	1
440	637	1
440	951	1
440	111	1
440	961	1
440	578	1
440	657	1
440	638	1
440	842	1
441	136	1
441	998	1
441	615	1
441	210	1
441	215	1
441	328	1
441	446	1
441	412	1
441	78	1
442	829	1
442	208	1
442	533	1
442	52	1
442	419	1
442	228	1
443	687	1
443	387	1
443	33	1
443	27	1
443	240	1
443	434	1
444	717	1
444	447	1
444	279	1
444	658	1
444	467	1
445	912	1
445	554	1
445	435	1
445	343	1
445	544	1
445	770	1
446	761	1
446	327	1
446	314	1
446	195	1
446	390	1
446	802	1
446	512	1
447	918	1
447	581	1
447	611	1
447	200	1
447	851	1
447	72	1
447	588	1
447	444	1
447	212	1
447	346	1
448	175	1
448	619	1
448	354	1
448	193	1
448	873	1
448	395	1
448	562	1
448	661	1
448	447	1
448	756	1
448	200	1
449	579	1
449	202	1
449	422	1
449	302	1
449	495	1
449	204	1
449	581	1
449	991	1
449	615	1
450	886	1
450	736	1
450	865	1
450	9	1
451	823	1
451	71	1
451	770	1
451	599	1
451	525	1
451	206	1
452	350	1
452	543	1
452	433	1
452	793	1
453	247	1
453	845	1
453	375	1
453	130	1
453	966	1
453	860	1
454	321	1
454	645	1
454	57	1
454	716	1
454	284	1
454	752	1
454	465	1
454	623	1
454	812	1
454	330	1
454	897	1
454	633	1
454	736	1
455	988	1
455	41	1
455	17	1
455	131	1
455	412	1
455	254	1
455	474	1
455	349	1
455	204	1
456	105	1
456	903	1
456	826	1
456	828	1
456	190	1
456	713	1
456	762	1
457	860	1
457	975	1
457	722	1
457	919	1
457	428	1
457	731	1
457	463	1
457	287	1
457	125	1
457	572	1
457	137	1
458	755	1
458	821	1
458	353	1
458	200	1
458	515	1
458	114	1
458	116	1
459	890	1
459	628	1
459	95	1
459	487	1
459	148	1
459	256	1
459	125	1
459	401	1
459	115	1
459	571	1
459	569	1
459	692	1
460	128	1
460	322	1
460	363	1
460	559	1
460	101	1
460	424	1
460	504	1
460	923	1
460	398	1
460	834	1
460	52	1
461	104	1
461	249	1
461	381	1
461	431	1
461	361	1
461	645	1
461	141	1
461	938	1
461	862	1
461	280	1
462	738	1
462	922	1
462	248	1
462	354	1
462	258	1
462	455	1
462	3	1
462	823	1
462	789	1
462	518	1
462	910	1
462	235	1
462	943	1
462	260	1
462	103	1
463	500	1
463	937	1
463	25	1
463	474	1
463	954	1
463	114	1
463	375	1
463	30	1
463	45	1
463	54	1
463	298	1
464	100	1
464	671	1
464	243	1
464	87	1
464	813	1
464	875	1
464	537	1
464	265	1
464	507	1
464	526	1
464	698	1
465	769	1
465	885	1
465	825	1
465	536	1
465	395	1
465	809	1
466	731	1
466	795	1
466	569	1
466	595	1
466	332	1
466	841	1
466	656	1
466	802	1
466	571	1
467	519	1
467	410	1
467	323	1
467	810	1
467	621	1
467	677	1
467	898	1
467	496	1
467	60	1
468	23	1
468	899	1
468	459	1
468	341	1
468	698	1
469	615	1
469	207	1
469	573	1
469	91	1
469	427	1
469	741	1
469	256	1
469	195	1
469	581	1
469	126	1
469	590	1
469	655	1
469	134	1
470	571	1
470	279	1
471	328	1
471	769	1
471	593	1
471	587	1
471	436	1
471	635	1
471	525	1
471	454	1
472	220	1
472	251	1
472	672	1
472	690	1
472	465	1
472	280	1
472	758	1
473	95	1
473	453	1
473	270	1
473	592	1
473	759	1
473	714	1
473	822	1
473	376	1
473	897	1
474	204	1
474	357	1
474	754	1
474	600	1
474	673	1
474	14	1
474	691	1
474	897	1
474	412	1
474	459	1
474	530	1
474	443	1
475	881	1
475	561	1
475	276	1
475	460	1
475	57	1
475	766	1
475	365	1
475	984	1
476	568	1
476	497	1
476	384	1
476	425	1
476	810	1
476	93	1
476	833	1
476	523	1
477	41	1
477	853	1
478	615	1
478	610	1
478	237	1
478	167	1
479	33	1
479	215	1
479	343	1
479	279	1
479	15	1
479	258	1
480	763	1
480	774	1
481	838	1
481	486	1
481	443	1
481	309	1
481	648	1
481	550	1
481	336	1
481	338	1
481	993	1
481	300	1
481	483	1
482	642	1
482	287	1
482	36	1
482	955	1
482	451	1
483	240	1
483	387	1
483	155	1
483	211	1
483	874	1
483	611	1
483	316	1
483	581	1
483	421	1
484	973	1
484	548	1
484	536	1
484	883	1
484	15	1
484	344	1
484	408	1
484	507	1
485	841	1
485	470	1
485	35	1
485	693	1
486	324	1
486	504	1
487	880	1
487	809	1
488	46	1
488	388	1
488	71	1
489	464	1
489	43	1
489	685	1
489	830	1
489	270	1
489	88	1
489	70	1
489	86	1
489	65	1
489	944	1
489	423	1
490	67	1
490	592	1
490	167	1
490	261	1
490	619	1
490	91	1
490	694	1
490	163	1
490	515	1
491	586	1
491	587	1
491	814	1
492	801	1
492	471	1
492	562	1
492	356	1
492	284	1
492	756	1
492	392	1
492	212	1
492	463	1
492	727	1
492	387	1
492	784	1
493	703	1
493	345	1
493	140	1
493	188	1
493	276	1
493	158	1
493	754	1
494	374	1
494	849	1
494	697	1
494	424	1
494	685	1
494	741	1
494	219	1
494	386	1
494	134	1
494	396	1
494	715	1
494	377	1
495	75	1
495	288	1
495	773	1
495	120	1
495	869	1
495	253	1
495	84	1
496	173	1
496	955	1
496	867	1
496	29	1
497	211	1
497	20	1
497	632	1
497	441	1
497	787	1
498	390	1
498	103	1
498	709	1
498	194	1
498	325	1
499	910	1
499	437	1
499	211	1
499	848	1
499	36	1
499	413	1
499	359	1
500	166	1
500	341	1
500	897	1
500	641	1
500	707	1
500	465	1
500	739	1
501	263	1
501	99	1
501	550	1
501	324	1
501	231	1
502	541	1
502	868	1
502	633	1
502	949	1
502	546	1
502	454	1
502	666	1
502	105	1
502	877	1
502	437	1
502	406	1
502	187	1
502	925	1
503	249	1
503	975	1
503	852	1
503	286	1
503	226	1
503	939	1
503	641	1
503	362	1
503	730	1
503	908	1
504	36	1
504	932	1
504	230	1
504	189	1
504	491	1
505	853	1
505	514	1
505	73	1
505	323	1
505	211	1
505	640	1
505	799	1
505	334	1
505	483	1
505	543	1
505	392	1
505	240	1
506	890	1
506	38	1
506	600	1
506	188	1
506	548	1
506	883	1
506	718	1
506	115	1
507	710	1
507	702	1
507	484	1
507	35	1
507	820	1
507	94	1
507	754	1
507	771	1
507	818	1
508	870	1
508	606	1
508	850	1
508	324	1
508	228	1
508	727	1
508	116	1
508	996	1
508	479	1
508	381	1
508	991	1
509	824	1
509	844	1
509	880	1
509	241	1
509	565	1
509	78	1
509	828	1
509	493	1
510	964	1
510	175	1
510	158	1
510	950	1
510	738	1
510	151	1
511	939	1
511	996	1
511	166	1
511	798	1
511	361	1
511	782	1
512	32	1
512	534	1
512	763	1
512	990	1
512	961	1
512	108	1
512	942	1
513	423	1
513	656	1
513	849	1
513	668	1
513	760	1
513	468	1
513	125	1
513	715	1
513	742	1
513	204	1
513	254	1
513	861	1
514	481	1
514	172	1
514	79	1
514	60	1
514	928	1
514	161	1
514	660	1
514	47	1
514	56	1
514	915	1
514	917	1
514	178	1
515	561	1
515	553	1
515	923	1
515	490	1
515	239	1
515	687	1
515	259	1
515	27	1
515	539	1
516	618	1
516	860	1
516	32	1
516	599	1
516	479	1
516	704	1
516	196	1
517	404	1
517	868	1
517	362	1
517	152	1
517	936	1
518	166	1
518	50	1
518	613	1
518	943	1
518	290	1
518	120	1
518	941	1
518	425	1
518	694	1
518	535	1
518	919	1
518	199	1
518	806	1
519	822	1
519	479	1
519	144	1
519	385	1
519	548	1
519	760	1
519	306	1
519	759	1
519	755	1
520	41	1
520	506	1
520	200	1
520	820	1
520	781	1
520	681	1
520	287	1
520	351	1
521	423	1
521	960	1
521	669	1
521	235	1
522	808	1
522	805	1
522	787	1
522	424	1
523	165	1
523	563	1
523	415	1
523	17	1
523	714	1
524	183	1
524	823	1
524	817	1
524	486	1
524	719	1
524	107	1
524	214	1
525	24	1
525	980	1
525	201	1
525	378	1
525	640	1
525	226	1
525	650	1
525	520	1
526	973	1
526	906	1
526	23	1
526	834	1
526	822	1
527	854	1
527	338	1
527	221	1
527	477	1
527	438	1
527	760	1
527	628	1
527	474	1
528	913	1
528	886	1
528	598	1
528	150	1
528	521	1
528	805	1
528	607	1
529	328	1
529	680	1
529	942	1
529	442	1
529	561	1
529	239	1
529	101	1
530	694	1
530	990	1
530	474	1
530	703	1
530	343	1
530	136	1
530	113	1
530	676	1
530	17	1
530	893	1
530	125	1
530	254	1
530	698	1
530	971	1
531	988	1
531	160	1
531	350	1
531	562	1
531	73	1
531	211	1
531	974	1
532	868	1
532	609	1
532	546	1
532	280	1
532	172	1
532	889	1
532	737	1
532	645	1
532	39	1
532	286	1
532	120	1
532	310	1
533	529	1
533	727	1
533	589	1
533	948	1
533	680	1
533	646	1
533	799	1
533	228	1
533	941	1
533	121	1
534	821	1
534	142	1
534	464	1
534	113	1
534	457	1
535	493	1
535	792	1
535	197	1
535	33	1
535	713	1
535	337	1
535	479	1
535	956	1
535	921	1
535	456	1
535	305	1
536	854	1
536	217	1
536	188	1
536	170	1
536	530	1
536	742	1
536	595	1
536	102	1
536	590	1
536	211	1
536	878	1
536	537	1
536	142	1
537	184	1
537	861	1
537	332	1
537	970	1
537	172	1
537	466	1
538	385	1
538	603	1
538	445	1
538	611	1
538	213	1
538	705	1
538	20	1
538	676	1
539	612	1
539	230	1
539	581	1
539	365	1
539	197	1
539	546	1
539	410	1
539	834	1
539	615	1
539	619	1
540	522	1
540	968	1
540	366	1
540	972	1
540	605	1
540	449	1
541	362	1
541	331	1
541	112	1
541	117	1
541	867	1
541	628	1
541	790	1
541	511	1
541	672	1
541	454	1
541	249	1
541	837	1
541	187	1
542	911	1
542	943	1
542	415	1
543	874	1
543	734	1
543	542	1
543	400	1
543	213	1
543	462	1
543	696	1
543	72	1
543	693	1
544	335	1
544	390	1
544	921	1
544	342	1
544	206	1
544	810	1
544	559	1
545	765	1
545	900	1
545	309	1
545	668	1
545	993	1
545	186	1
545	616	1
545	693	1
545	274	1
546	924	1
546	581	1
546	325	1
546	279	1
546	839	1
546	39	1
546	722	1
546	10	1
547	124	1
547	487	1
547	491	1
547	989	1
547	983	1
547	372	1
547	367	1
548	632	1
548	408	1
548	530	1
548	354	1
548	840	1
548	725	1
548	656	1
548	698	1
548	574	1
548	960	1
548	691	1
549	638	1
549	842	1
549	222	1
549	628	1
549	436	1
549	68	1
549	512	1
550	949	1
550	75	1
550	388	1
551	227	1
551	796	1
551	580	1
552	868	1
552	80	1
552	940	1
552	179	1
552	406	1
552	221	1
552	647	1
552	8	1
553	579	1
554	877	1
554	182	1
554	983	1
554	22	1
554	149	1
555	398	1
555	119	1
555	184	1
555	539	1
555	805	1
556	277	1
556	417	1
556	185	1
556	772	1
556	898	1
556	145	1
556	981	1
557	772	1
557	640	1
557	354	1
557	155	1
557	120	1
557	745	1
557	661	1
557	25	1
557	492	1
557	616	1
557	575	1
557	220	1
557	829	1
557	701	1
558	349	1
558	256	1
558	193	1
558	912	1
558	986	1
558	397	1
558	364	1
558	931	1
558	533	1
558	53	1
559	449	1
559	282	1
559	957	1
559	913	1
559	639	1
559	416	1
560	284	1
560	336	1
560	256	1
560	958	1
560	242	1
561	62	1
561	799	1
561	260	1
561	442	1
561	560	1
561	342	1
561	581	1
561	558	1
561	750	1
562	85	1
562	780	1
562	234	1
562	402	1
562	440	1
562	49	1
562	426	1
563	622	1
563	389	1
563	9	1
563	979	1
563	522	1
563	768	1
563	802	1
563	744	1
564	170	1
564	310	1
564	117	1
564	261	1
565	273	1
565	957	1
565	132	1
566	121	1
566	542	1
566	328	1
566	399	1
566	384	1
566	486	1
566	528	1
566	913	1
566	22	1
566	602	1
566	835	1
566	805	1
567	461	1
567	62	1
567	187	1
567	825	1
567	459	1
567	511	1
567	784	1
567	589	1
567	992	1
567	929	1
567	924	1
567	166	1
567	19	1
568	289	1
568	298	1
568	346	1
568	201	1
568	48	1
568	494	1
568	912	1
568	835	1
568	911	1
568	712	1
568	231	1
569	527	1
569	66	1
569	725	1
569	930	1
569	571	1
569	753	1
570	367	1
570	939	1
570	321	1
570	627	1
570	841	1
570	751	1
570	192	1
570	819	1
570	439	1
570	734	1
571	217	1
571	302	1
571	718	1
571	401	1
571	188	1
571	1000	1
572	760	1
572	1000	1
572	303	1
572	777	1
572	581	1
572	41	1
572	331	1
572	653	1
572	999	1
572	300	1
572	153	1
572	691	1
572	861	1
573	183	1
573	164	1
573	11	1
573	330	1
573	955	1
573	176	1
574	944	1
574	870	1
574	88	1
574	650	1
575	242	1
575	995	1
575	613	1
575	674	1
575	530	1
575	194	1
576	564	1
576	119	1
576	926	1
576	883	1
576	781	1
576	984	1
576	252	1
577	873	1
577	761	1
577	215	1
577	64	1
577	242	1
577	842	1
577	4	1
578	919	1
578	828	1
578	613	1
578	778	1
579	606	1
579	13	1
579	942	1
579	850	1
579	533	1
579	707	1
579	256	1
580	366	1
580	345	1
580	445	1
580	712	1
581	508	1
581	562	1
581	194	1
581	458	1
581	553	1
581	247	1
582	234	1
582	22	1
582	948	1
582	421	1
582	562	1
582	274	1
583	291	1
583	365	1
584	818	1
584	552	1
584	949	1
584	61	1
584	280	1
584	10	1
584	647	1
584	173	1
584	747	1
584	825	1
585	470	1
585	92	1
585	435	1
586	748	1
586	968	1
586	853	1
586	38	1
586	744	1
586	75	1
587	928	1
587	910	1
587	903	1
587	1000	1
588	492	1
588	25	1
588	745	1
588	443	1
588	193	1
588	240	1
588	213	1
589	361	1
589	707	1
589	628	1
589	909	1
589	20	1
589	897	1
589	736	1
589	53	1
589	621	1
589	126	1
589	615	1
589	10	1
589	477	1
589	143	1
590	839	1
590	964	1
590	102	1
590	433	1
590	63	1
590	95	1
590	695	1
590	251	1
590	382	1
591	373	1
591	188	1
591	860	1
591	446	1
591	520	1
591	975	1
591	723	1
591	771	1
591	537	1
592	247	1
592	101	1
592	553	1
592	706	1
592	936	1
592	834	1
592	882	1
592	715	1
592	35	1
592	615	1
593	373	1
593	571	1
593	676	1
593	906	1
593	341	1
593	171	1
593	149	1
593	520	1
593	973	1
593	861	1
593	455	1
594	437	1
594	916	1
594	193	1
594	623	1
594	347	1
594	997	1
594	674	1
594	191	1
594	583	1
594	251	1
594	927	1
594	369	1
595	1000	1
595	188	1
595	731	1
595	265	1
595	692	1
595	672	1
595	653	1
595	835	1
595	520	1
595	545	1
595	373	1
595	963	1
596	656	1
596	602	1
596	87	1
596	769	1
596	613	1
596	501	1
597	229	1
597	9	1
597	569	1
597	560	1
597	579	1
597	724	1
597	846	1
597	495	1
597	364	1
597	52	1
598	808	1
598	497	1
598	116	1
598	15	1
598	384	1
598	651	1
598	871	1
598	836	1
598	762	1
598	121	1
598	579	1
598	305	1
599	71	1
599	430	1
599	334	1
599	955	1
599	481	1
599	8	1
599	654	1
600	154	1
600	883	1
600	526	1
600	714	1
600	595	1
600	813	1
600	15	1
601	592	1
601	800	1
601	991	1
601	313	1
601	606	1
601	749	1
601	957	1
602	466	1
602	725	1
602	520	1
602	548	1
602	521	1
602	44	1
602	875	1
602	715	1
602	929	1
602	854	1
602	243	1
602	115	1
602	507	1
602	395	1
602	822	1
602	353	1
603	473	1
603	734	1
603	452	1
603	33	1
603	216	1
603	874	1
603	866	1
603	447	1
603	310	1
603	47	1
603	18	1
603	562	1
603	945	1
603	612	1
603	5	1
603	814	1
603	483	1
603	350	1
603	20	1
603	160	1
604	408	1
604	621	1
604	418	1
604	553	1
604	469	1
604	715	1
605	298	1
605	566	1
605	788	1
605	836	1
605	764	1
605	623	1
605	207	1
606	877	1
606	942	1
606	881	1
606	741	1
606	591	1
606	919	1
606	646	1
606	619	1
607	886	1
607	651	1
607	494	1
607	438	1
607	92	1
607	719	1
607	292	1
607	803	1
607	787	1
608	529	1
608	654	1
608	894	1
608	655	1
608	568	1
608	528	1
608	563	1
608	764	1
608	526	1
609	974	1
609	633	1
609	483	1
609	112	1
609	589	1
609	458	1
609	153	1
609	34	1
609	751	1
609	187	1
610	324	1
610	936	1
610	196	1
610	261	1
610	468	1
610	120	1
610	352	1
611	851	1
611	271	1
611	914	1
611	261	1
611	492	1
611	483	1
611	494	1
611	577	1
611	426	1
611	772	1
611	18	1
612	936	1
612	950	1
612	152	1
613	922	1
613	122	1
613	481	1
613	869	1
613	814	1
613	226	1
613	742	1
614	697	1
614	134	1
614	779	1
614	267	1
614	399	1
614	584	1
614	96	1
614	143	1
615	559	1
615	601	1
615	239	1
615	821	1
615	286	1
615	942	1
615	418	1
615	315	1
615	107	1
616	588	1
616	756	1
616	159	1
616	361	1
616	505	1
616	880	1
616	830	1
616	696	1
616	27	1
616	310	1
616	165	1
616	297	1
616	543	1
617	355	1
617	949	1
617	472	1
617	203	1
617	61	1
617	841	1
617	790	1
617	977	1
617	736	1
617	964	1
618	861	1
618	695	1
618	654	1
619	266	1
619	23	1
619	430	1
619	524	1
619	337	1
619	101	1
619	741	1
619	953	1
619	46	1
619	707	1
619	424	1
620	853	1
620	661	1
620	646	1
620	817	1
620	318	1
620	435	1
620	795	1
621	688	1
621	22	1
621	374	1
621	540	1
621	764	1
621	120	1
621	523	1
621	871	1
621	642	1
621	911	1
621	47	1
621	450	1
622	727	1
622	414	1
622	857	1
622	787	1
622	522	1
622	808	1
622	719	1
622	540	1
622	348	1
622	848	1
623	570	1
623	8	1
623	782	1
623	751	1
623	837	1
623	645	1
624	826	1
624	763	1
624	813	1
624	736	1
624	944	1
624	737	1
624	288	1
624	839	1
624	924	1
624	131	1
624	143	1
624	815	1
625	126	1
625	298	1
625	831	1
625	540	1
625	833	1
625	17	1
625	621	1
625	314	1
626	705	1
626	474	1
626	470	1
627	803	1
627	210	1
627	43	1
627	293	1
627	486	1
627	842	1
627	194	1
627	534	1
628	480	1
628	695	1
628	898	1
628	526	1
628	243	1
628	412	1
628	179	1
628	702	1
629	257	1
629	929	1
629	51	1
630	781	1
630	454	1
630	62	1
630	99	1
630	511	1
630	386	1
630	747	1
630	465	1
630	969	1
630	594	1
630	16	1
631	813	1
631	721	1
631	536	1
631	507	1
632	204	1
632	300	1
632	813	1
632	963	1
632	749	1
633	39	1
633	643	1
633	924	1
633	870	1
633	909	1
633	188	1
633	249	1
633	798	1
633	567	1
633	835	1
633	837	1
633	166	1
633	585	1
633	951	1
634	558	1
634	604	1
634	741	1
634	601	1
634	771	1
634	725	1
634	539	1
634	724	1
634	655	1
634	458	1
634	475	1
634	228	1
634	527	1
634	73	1
634	239	1
634	799	1
634	329	1
634	276	1
635	71	1
635	407	1
635	432	1
635	169	1
635	57	1
635	865	1
635	539	1
635	892	1
635	400	1
636	129	1
636	119	1
636	594	1
636	774	1
636	381	1
636	645	1
636	921	1
636	348	1
637	718	1
637	709	1
637	373	1
637	320	1
637	579	1
637	203	1
638	267	1
638	440	1
638	3	1
638	653	1
638	749	1
638	320	1
638	379	1
638	575	1
638	577	1
638	518	1
638	585	1
639	84	1
639	746	1
639	619	1
639	189	1
639	401	1
639	176	1
639	462	1
639	442	1
639	384	1
640	980	1
640	400	1
640	206	1
640	25	1
640	677	1
640	240	1
640	562	1
640	366	1
640	427	1
640	505	1
640	545	1
641	657	1
641	649	1
641	26	1
642	153	1
642	275	1
642	201	1
642	134	1
642	393	1
642	252	1
643	486	1
643	600	1
643	999	1
643	94	1
643	702	1
643	41	1
643	890	1
643	420	1
643	698	1
643	219	1
643	463	1
644	519	1
644	613	1
644	877	1
644	137	1
644	233	1
644	777	1
644	10	1
644	239	1
645	546	1
645	982	1
645	347	1
645	10	1
645	705	1
645	524	1
645	386	1
645	396	1
645	503	1
645	11	1
645	770	1
645	624	1
645	457	1
646	750	1
646	815	1
646	442	1
646	2	1
646	254	1
646	958	1
646	626	1
646	680	1
646	619	1
646	107	1
646	639	1
647	520	1
647	130	1
647	11	1
647	939	1
647	730	1
648	716	1
648	536	1
648	61	1
648	356	1
648	434	1
648	588	1
648	907	1
648	444	1
648	838	1
648	902	1
648	982	1
648	733	1
648	433	1
648	900	1
648	316	1
649	971	1
649	972	1
649	834	1
649	575	1
649	933	1
650	138	1
650	561	1
650	706	1
650	236	1
650	654	1
650	247	1
650	286	1
650	557	1
651	886	1
651	494	1
651	744	1
651	562	1
651	197	1
651	959	1
651	972	1
651	523	1
651	908	1
651	117	1
651	766	1
652	736	1
652	787	1
652	798	1
652	867	1
652	456	1
652	636	1
652	44	1
653	81	1
653	837	1
653	708	1
654	46	1
654	959	1
654	230	1
654	257	1
654	938	1
654	521	1
654	14	1
654	983	1
655	404	1
655	148	1
655	209	1
655	256	1
655	224	1
655	861	1
655	902	1
655	634	1
656	849	1
656	38	1
656	681	1
656	976	1
656	254	1
656	187	1
656	676	1
656	753	1
656	994	1
656	411	1
656	631	1
656	591	1
657	64	1
657	523	1
658	136	1
658	849	1
658	382	1
658	278	1
658	926	1
658	282	1
658	970	1
658	590	1
658	41	1
658	149	1
658	464	1
658	831	1
658	861	1
658	875	1
659	115	1
659	726	1
659	873	1
659	255	1
659	938	1
659	588	1
660	648	1
660	634	1
660	22	1
660	993	1
660	562	1
660	155	1
660	274	1
660	917	1
660	626	1
660	72	1
660	616	1
660	166	1
661	848	1
661	47	1
661	60	1
661	879	1
661	78	1
661	920	1
661	952	1
661	277	1
661	640	1
661	928	1
661	578	1
661	447	1
661	27	1
661	745	1
661	467	1
661	799	1
662	911	1
662	854	1
662	201	1
662	468	1
662	485	1
662	759	1
662	526	1
662	62	1
662	830	1
662	532	1
662	976	1
662	658	1
662	290	1
663	677	1
663	22	1
663	496	1
663	640	1
663	765	1
663	638	1
663	721	1
663	492	1
664	484	1
664	606	1
664	800	1
664	832	1
664	756	1
664	490	1
664	750	1
665	96	1
665	852	1
665	292	1
665	227	1
665	444	1
665	109	1
666	556	1
666	703	1
666	425	1
666	699	1
666	76	1
666	629	1
667	616	1
667	562	1
667	255	1
667	78	1
667	410	1
667	873	1
668	306	1
668	276	1
668	85	1
668	660	1
668	15	1
668	677	1
668	33	1
668	907	1
668	482	1
669	635	1
669	697	1
669	676	1
669	300	1
669	650	1
669	448	1
669	382	1
670	371	1
670	673	1
670	972	1
670	331	1
670	948	1
670	968	1
670	714	1
670	259	1
671	407	1
671	63	1
671	275	1
671	692	1
671	567	1
671	88	1
671	429	1
671	134	1
672	652	1
672	884	1
672	679	1
672	826	1
672	567	1
672	537	1
672	174	1
673	602	1
673	875	1
673	822	1
673	854	1
673	420	1
673	340	1
673	58	1
673	771	1
673	373	1
673	42	1
674	756	1
674	365	1
674	496	1
674	939	1
674	50	1
674	929	1
674	24	1
675	161	1
675	338	1
675	78	1
675	934	1
675	37	1
675	928	1
675	939	1
675	56	1
675	557	1
675	358	1
676	142	1
676	379	1
676	593	1
676	417	1
676	582	1
676	95	1
676	384	1
676	373	1
676	714	1
676	108	1
676	513	1
677	467	1
677	427	1
677	726	1
677	934	1
677	707	1
677	79	1
677	938	1
677	412	1
677	660	1
677	667	1
678	580	1
678	339	1
678	549	1
678	40	1
678	473	1
678	199	1
678	713	1
679	928	1
679	440	1
679	109	1
679	972	1
680	469	1
680	116	1
680	634	1
680	239	1
680	315	1
680	682	1
680	579	1
680	362	1
680	905	1
680	252	1
681	385	1
681	820	1
681	254	1
681	903	1
681	108	1
681	742	1
681	591	1
682	756	1
682	821	1
682	533	1
682	634	1
682	631	1
682	606	1
682	225	1
683	977	1
683	253	1
683	613	1
683	260	1
683	103	1
683	83	1
683	807	1
683	549	1
683	336	1
684	145	1
684	107	1
684	362	1
684	664	1
684	544	1
684	241	1
685	719	1
685	22	1
685	831	1
685	903	1
685	296	1
685	93	1
685	764	1
685	768	1
685	566	1
685	220	1
686	589	1
686	637	1
686	387	1
686	356	1
686	200	1
686	467	1
686	18	1
687	229	1
687	969	1
687	680	1
687	741	1
687	960	1
687	851	1
687	671	1
687	979	1
687	147	1
688	949	1
688	82	1
688	191	1
688	112	1
688	739	1
688	624	1
688	925	1
688	644	1
688	355	1
688	940	1
688	370	1
688	707	1
688	10	1
688	826	1
688	16	1
688	827	1
688	28	1
689	420	1
689	595	1
689	516	1
689	692	1
689	820	1
689	628	1
689	446	1
689	731	1
689	776	1
690	790	1
690	876	1
690	839	1
690	674	1
691	478	1
691	536	1
691	396	1
691	506	1
692	517	1
692	332	1
692	572	1
692	538	1
692	890	1
692	728	1
693	297	1
693	187	1
693	562	1
693	531	1
693	538	1
693	727	1
693	675	1
693	611	1
693	780	1
694	248	1
694	200	1
694	708	1
694	449	1
694	222	1
694	990	1
694	919	1
695	70	1
695	114	1
695	270	1
695	386	1
695	590	1
695	382	1
695	815	1
695	198	1
696	958	1
696	555	1
696	161	1
696	72	1
696	968	1
696	745	1
697	521	1
697	870	1
697	817	1
697	52	1
697	196	1
697	448	1
697	840	1
697	663	1
698	23	1
698	21	1
698	385	1
698	474	1
698	813	1
698	457	1
698	700	1
698	973	1
698	295	1
699	621	1
699	956	1
699	183	1
699	844	1
699	951	1
699	40	1
700	177	1
700	904	1
700	829	1
700	938	1
701	764	1
701	658	1
701	455	1
701	721	1
701	26	1
701	871	1
701	681	1
702	573	1
702	998	1
702	701	1
702	306	1
702	142	1
702	967	1
702	533	1
702	854	1
703	353	1
703	141	1
703	388	1
703	952	1
703	103	1
704	274	1
704	134	1
704	268	1
704	525	1
704	16	1
704	71	1
704	296	1
704	170	1
704	127	1
704	471	1
704	981	1
705	960	1
705	259	1
705	253	1
705	285	1
705	949	1
706	613	1
706	475	1
706	915	1
706	642	1
706	268	1
706	378	1
707	812	1
707	798	1
707	425	1
707	473	1
707	105	1
707	751	1
707	874	1
707	672	1
707	781	1
708	661	1
708	168	1
708	198	1
708	728	1
708	262	1
708	100	1
708	560	1
709	843	1
709	239	1
709	194	1
709	677	1
709	198	1
709	735	1
710	418	1
710	606	1
710	469	1
710	12	1
710	996	1
710	7	1
710	921	1
710	594	1
710	256	1
710	821	1
711	37	1
711	321	1
711	378	1
711	552	1
711	570	1
711	589	1
711	86	1
711	308	1
712	150	1
712	154	1
712	833	1
712	424	1
712	396	1
712	358	1
712	566	1
712	911	1
712	504	1
713	428	1
713	509	1
713	877	1
713	536	1
713	524	1
713	223	1
713	250	1
713	899	1
714	973	1
714	287	1
714	534	1
714	371	1
714	31	1
714	548	1
714	600	1
714	26	1
715	432	1
715	692	1
715	450	1
715	513	1
715	561	1
715	813	1
715	572	1
715	15	1
715	676	1
715	341	1
716	945	1
716	549	1
716	794	1
716	132	1
716	165	1
716	33	1
716	757	1
716	60	1
716	603	1
717	334	1
717	73	1
717	706	1
717	611	1
717	18	1
717	588	1
718	694	1
718	205	1
718	549	1
718	59	1
718	157	1
718	185	1
718	120	1
719	201	1
719	346	1
719	844	1
719	129	1
719	873	1
719	715	1
719	724	1
720	260	1
720	977	1
720	626	1
720	316	1
720	446	1
720	716	1
720	854	1
720	752	1
720	284	1
721	104	1
721	692	1
721	278	1
721	521	1
721	822	1
721	689	1
721	341	1
721	507	1
721	295	1
721	658	1
721	488	1
722	369	1
722	730	1
722	939	1
722	503	1
722	647	1
722	624	1
722	370	1
722	90	1
723	681	1
723	701	1
723	295	1
723	595	1
723	113	1
723	507	1
723	656	1
723	831	1
724	958	1
724	821	1
724	483	1
724	881	1
724	923	1
724	398	1
725	701	1
725	21	1
725	466	1
725	23	1
726	915	1
726	81	1
726	829	1
726	753	1
727	383	1
727	335	1
727	943	1
727	478	1
727	664	1
728	760	1
728	600	1
728	149	1
728	673	1
728	125	1
728	507	1
728	598	1
728	428	1
728	571	1
728	689	1
728	617	1
728	676	1
728	526	1
729	470	1
729	878	1
729	827	1
730	793	1
730	723	1
730	885	1
730	939	1
730	630	1
730	181	1
730	767	1
730	39	1
730	837	1
730	569	1
730	221	1
730	117	1
730	641	1
730	657	1
730	752	1
730	74	1
730	143	1
731	689	1
731	255	1
731	930	1
731	849	1
731	438	1
731	698	1
731	861	1
731	889	1
732	259	1
732	550	1
732	227	1
732	331	1
732	420	1
733	162	1
733	764	1
733	719	1
733	17	1
733	934	1
733	20	1
733	771	1
733	717	1
734	302	1
734	648	1
734	422	1
734	155	1
734	993	1
734	851	1
734	212	1
734	37	1
734	278	1
734	661	1
735	17	1
735	194	1
735	157	1
735	293	1
736	841	1
736	11	1
736	100	1
736	425	1
736	131	1
736	326	1
737	868	1
737	819	1
737	454	1
737	370	1
737	964	1
737	624	1
737	730	1
737	34	1
738	578	1
738	293	1
738	491	1
738	248	1
738	806	1
738	390	1
739	44	1
739	61	1
739	751	1
739	8	1
739	284	1
739	566	1
739	917	1
739	734	1
739	814	1
740	371	1
740	156	1
740	856	1
740	608	1
740	762	1
740	886	1
741	98	1
741	142	1
741	31	1
741	926	1
741	391	1
741	687	1
741	646	1
742	901	1
742	721	1
742	994	1
742	484	1
742	572	1
742	391	1
742	519	1
742	23	1
742	702	1
742	818	1
742	692	1
742	653	1
742	689	1
742	394	1
742	970	1
742	513	1
742	701	1
742	676	1
743	473	1
743	706	1
743	642	1
743	865	1
743	777	1
743	213	1
743	840	1
744	768	1
744	992	1
744	92	1
744	598	1
744	283	1
744	384	1
744	568	1
744	207	1
744	866	1
745	323	1
745	934	1
745	160	1
745	874	1
745	129	1
745	20	1
745	919	1
745	434	1
745	200	1
746	256	1
746	561	1
746	129	1
746	806	1
746	29	1
746	381	1
747	996	1
747	117	1
747	535	1
747	371	1
747	838	1
747	630	1
747	90	1
747	189	1
747	433	1
748	689	1
748	323	1
748	983	1
748	216	1
748	389	1
748	531	1
749	373	1
749	766	1
749	390	1
749	342	1
749	330	1
749	116	1
749	376	1
749	329	1
749	800	1
749	238	1
750	364	1
750	915	1
750	904	1
750	206	1
750	337	1
750	646	1
751	217	1
751	868	1
751	533	1
751	943	1
751	321	1
751	119	1
752	284	1
752	903	1
752	371	1
752	429	1
752	605	1
752	897	1
752	456	1
752	321	1
752	12	1
752	461	1
752	275	1
753	438	1
753	95	1
753	113	1
753	600	1
753	354	1
753	988	1
753	548	1
753	204	1
753	766	1
754	849	1
754	527	1
754	728	1
754	127	1
754	254	1
754	420	1
754	864	1
754	526	1
754	536	1
754	84	1
754	875	1
755	425	1
755	479	1
755	276	1
755	447	1
756	661	1
756	514	1
756	162	1
756	891	1
756	772	1
756	380	1
756	505	1
756	384	1
756	613	1
757	649	1
757	565	1
757	233	1
757	917	1
758	528	1
758	296	1
759	681	1
759	432	1
759	50	1
759	587	1
759	482	1
760	849	1
760	391	1
760	7	1
760	591	1
760	520	1
760	188	1
760	104	1
760	231	1
760	955	1
761	185	1
761	919	1
761	288	1
761	210	1
761	400	1
761	208	1
761	953	1
761	806	1
761	320	1
762	889	1
762	238	1
762	753	1
762	76	1
762	401	1
762	540	1
763	427	1
763	796	1
763	853	1
763	698	1
764	933	1
764	21	1
764	931	1
764	726	1
764	389	1
764	664	1
765	736	1
765	997	1
765	433	1
765	675	1
765	294	1
765	195	1
765	303	1
766	469	1
766	398	1
766	63	1
767	134	1
767	794	1
767	451	1
767	369	1
768	415	1
768	542	1
768	156	1
768	66	1
768	740	1
768	563	1
768	983	1
769	294	1
769	625	1
769	329	1
769	187	1
769	542	1
769	213	1
769	576	1
769	374	1
769	627	1
770	574	1
770	962	1
770	127	1
770	939	1
770	704	1
770	57	1
770	635	1
770	614	1
770	144	1
771	753	1
771	386	1
771	973	1
772	18	1
772	106	1
772	733	1
772	402	1
772	174	1
772	426	1
772	691	1
773	643	1
773	935	1
773	954	1
773	67	1
773	69	1
773	785	1
773	26	1
774	652	1
774	672	1
774	829	1
774	139	1
775	893	1
775	545	1
775	66	1
775	121	1
775	152	1
775	716	1
775	645	1
776	763	1
776	532	1
776	319	1
776	979	1
777	758	1
777	521	1
777	46	1
777	605	1
777	433	1
777	599	1
777	30	1
778	711	1
778	86	1
778	594	1
778	425	1
778	867	1
778	166	1
778	143	1
778	781	1
778	690	1
778	570	1
778	221	1
779	251	1
779	171	1
779	794	1
779	783	1
779	666	1
779	695	1
779	376	1
780	865	1
780	72	1
780	896	1
780	582	1
780	392	1
780	408	1
780	178	1
780	859	1
780	426	1
780	446	1
780	35	1
781	249	1
781	28	1
781	173	1
781	109	1
781	354	1
781	736	1
781	472	1
781	364	1
782	263	1
782	672	1
782	707	1
782	862	1
782	839	1
782	119	1
782	737	1
782	112	1
782	360	1
783	24	1
783	540	1
783	818	1
783	216	1
784	937	1
784	200	1
784	840	1
784	201	1
784	622	1
785	384	1
785	516	1
785	845	1
785	61	1
786	823	1
786	950	1
786	806	1
786	887	1
786	869	1
786	115	1
786	205	1
786	492	1
786	613	1
786	441	1
787	424	1
787	972	1
787	568	1
787	873	1
787	495	1
788	892	1
788	24	1
788	127	1
788	642	1
788	327	1
788	590	1
788	599	1
789	779	1
789	995	1
789	843	1
789	254	1
789	805	1
789	262	1
789	735	1
789	811	1
789	103	1
790	765	1
790	49	1
790	221	1
790	59	1
790	511	1
790	830	1
790	862	1
790	273	1
790	992	1
791	855	1
791	901	1
791	622	1
791	40	1
791	299	1
791	370	1
792	56	1
792	558	1
792	417	1
792	170	1
792	206	1
792	191	1
792	263	1
793	633	1
793	370	1
793	321	1
793	347	1
793	736	1
793	177	1
793	826	1
793	90	1
793	34	1
793	502	1
794	650	1
794	760	1
794	888	1
794	520	1
794	499	1
794	394	1
795	815	1
795	605	1
795	251	1
795	625	1
795	367	1
795	892	1
795	482	1
795	826	1
795	744	1
795	294	1
796	536	1
796	705	1
796	747	1
796	423	1
796	285	1
796	943	1
796	417	1
796	86	1
797	955	1
797	525	1
797	944	1
797	578	1
797	548	1
797	694	1
798	62	1
798	137	1
798	235	1
798	214	1
798	787	1
798	576	1
798	286	1
798	154	1
798	819	1
798	437	1
799	201	1
799	891	1
799	449	1
799	561	1
799	604	1
799	902	1
799	655	1
799	592	1
800	228	1
800	916	1
800	562	1
800	394	1
800	980	1
800	247	1
800	664	1
800	276	1
800	381	1
800	923	1
800	953	1
801	945	1
801	433	1
801	572	1
801	392	1
801	25	1
801	24	1
801	448	1
801	155	1
801	5	1
801	20	1
802	440	1
802	226	1
802	479	1
802	961	1
802	1	1
802	576	1
802	87	1
802	446	1
803	600	1
803	198	1
803	619	1
803	185	1
803	462	1
803	843	1
803	89	1
803	708	1
803	194	1
803	120	1
804	400	1
804	249	1
804	639	1
804	946	1
804	791	1
804	838	1
804	677	1
804	910	1
804	927	1
804	729	1
804	510	1
805	870	1
805	521	1
805	856	1
805	305	1
805	876	1
806	637	1
806	627	1
806	120	1
806	293	1
807	199	1
807	960	1
807	738	1
807	705	1
808	805	1
808	454	1
808	132	1
808	305	1
809	690	1
809	476	1
809	154	1
809	62	1
809	922	1
809	790	1
809	731	1
810	840	1
810	640	1
810	643	1
810	683	1
810	972	1
810	712	1
810	48	1
810	9	1
810	568	1
810	157	1
811	919	1
811	738	1
811	153	1
811	233	1
811	52	1
812	72	1
812	826	1
812	369	1
812	624	1
812	130	1
812	159	1
812	676	1
812	652	1
812	10	1
812	407	1
812	11	1
813	278	1
813	87	1
813	593	1
813	658	1
813	731	1
813	831	1
814	499	1
814	510	1
814	170	1
815	615	1
815	273	1
815	777	1
815	196	1
815	647	1
816	499	1
816	968	1
816	15	1
816	147	1
817	480	1
817	214	1
817	20	1
817	123	1
818	466	1
818	136	1
818	890	1
818	676	1
818	332	1
818	976	1
819	450	1
819	940	1
819	461	1
819	454	1
819	140	1
819	90	1
819	503	1
819	897	1
819	192	1
819	190	1
819	737	1
819	837	1
820	623	1
820	837	1
820	841	1
820	946	1
820	728	1
820	536	1
820	373	1
820	55	1
820	797	1
820	854	1
820	108	1
820	115	1
820	105	1
820	701	1
821	249	1
821	407	1
821	916	1
821	800	1
821	676	1
821	252	1
822	512	1
822	631	1
822	244	1
822	854	1
822	602	1
822	786	1
822	520	1
822	600	1
822	728	1
822	114	1
822	379	1
822	643	1
823	153	1
823	32	1
823	708	1
823	869	1
823	149	1
823	683	1
823	441	1
824	146	1
824	479	1
824	626	1
824	241	1
824	509	1
825	139	1
825	192	1
825	594	1
825	295	1
825	326	1
825	355	1
825	190	1
825	862	1
826	939	1
826	798	1
826	317	1
826	964	1
826	669	1
826	456	1
826	924	1
826	104	1
826	375	1
826	502	1
826	897	1
826	819	1
827	586	1
827	200	1
827	362	1
828	541	1
828	984	1
828	816	1
828	456	1
828	62	1
828	406	1
828	617	1
828	286	1
828	82	1
828	989	1
828	644	1
829	656	1
829	466	1
830	647	1
830	16	1
830	552	1
830	761	1
830	263	1
830	34	1
830	652	1
830	347	1
831	411	1
831	519	1
831	332	1
831	656	1
831	318	1
831	602	1
831	507	1
831	930	1
832	620	1
832	928	1
832	829	1
832	159	1
832	742	1
833	762	1
833	873	1
833	673	1
833	126	1
833	343	1
833	339	1
833	167	1
833	388	1
833	884	1
833	723	1
834	282	1
834	957	1
834	796	1
834	276	1
834	460	1
834	579	1
834	986	1
834	307	1
834	380	1
834	266	1
835	197	1
835	566	1
835	410	1
835	256	1
835	283	1
835	305	1
835	174	1
835	223	1
835	884	1
835	907	1
835	972	1
835	424	1
836	42	1
836	435	1
836	769	1
836	156	1
836	531	1
836	524	1
837	425	1
837	623	1
837	591	1
837	53	1
837	819	1
837	270	1
837	16	1
837	454	1
837	133	1
837	372	1
837	117	1
837	672	1
837	192	1
837	94	1
837	996	1
837	925	1
838	28	1
838	102	1
838	701	1
838	362	1
838	655	1
838	700	1
839	767	1
839	752	1
839	55	1
839	62	1
839	830	1
839	294	1
839	224	1
839	248	1
839	321	1
839	386	1
839	774	1
839	856	1
839	18	1
839	90	1
839	461	1
839	286	1
839	940	1
839	353	1
839	652	1
840	627	1
840	70	1
840	870	1
840	899	1
840	268	1
840	15	1
840	779	1
840	26	1
840	201	1
841	633	1
841	234	1
841	552	1
841	86	1
841	623	1
841	353	1
841	370	1
842	186	1
842	927	1
842	80	1
842	575	1
842	77	1
842	990	1
842	823	1
842	262	1
843	577	1
843	210	1
843	523	1
843	202	1
843	312	1
843	735	1
843	64	1
843	962	1
844	672	1
844	15	1
844	224	1
844	824	1
844	790	1
844	161	1
844	51	1
844	956	1
845	753	1
845	125	1
845	375	1
845	374	1
845	936	1
845	893	1
846	439	1
846	267	1
846	333	1
846	767	1
846	618	1
847	540	1
847	287	1
847	379	1
847	609	1
847	1000	1
847	755	1
847	357	1
847	875	1
847	811	1
848	648	1
848	279	1
848	711	1
848	189	1
848	416	1
848	543	1
848	945	1
849	117	1
849	572	1
849	58	1
849	840	1
849	15	1
849	656	1
849	721	1
849	125	1
849	136	1
850	991	1
850	697	1
850	572	1
850	255	1
850	654	1
850	646	1
850	228	1
850	13	1
850	504	1
850	268	1
850	942	1
850	540	1
851	661	1
851	733	1
851	121	1
851	616	1
851	387	1
851	756	1
852	545	1
852	234	1
852	465	1
852	336	1
853	208	1
853	375	1
853	816	1
853	971	1
853	766	1
854	818	1
854	678	1
854	994	1
854	243	1
854	5	1
854	569	1
854	188	1
854	455	1
854	58	1
854	507	1
854	484	1
855	874	1
855	667	1
855	153	1
855	257	1
855	853	1
856	677	1
856	110	1
856	72	1
856	669	1
856	179	1
857	523	1
857	76	1
857	762	1
857	261	1
857	434	1
857	164	1
858	883	1
858	729	1
858	927	1
858	720	1
858	866	1
859	79	1
859	277	1
859	851	1
859	980	1
859	37	1
859	388	1
859	20	1
859	444	1
859	756	1
859	403	1
859	725	1
859	309	1
860	295	1
860	906	1
860	128	1
860	26	1
860	212	1
860	142	1
860	691	1
860	991	1
860	95	1
860	457	1
860	382	1
861	95	1
861	818	1
861	197	1
861	799	1
861	459	1
861	691	1
861	976	1
861	676	1
861	663	1
861	438	1
862	114	1
862	939	1
862	711	1
862	435	1
862	645	1
862	736	1
862	575	1
862	190	1
862	53	1
863	367	1
863	783	1
863	477	1
863	923	1
863	528	1
863	466	1
863	326	1
863	571	1
863	147	1
863	852	1
863	109	1
864	933	1
864	682	1
864	558	1
864	319	1
864	228	1
864	143	1
864	597	1
864	865	1
864	490	1
864	360	1
864	575	1
865	42	1
865	489	1
865	31	1
865	242	1
865	753	1
865	767	1
865	859	1
865	251	1
865	696	1
865	157	1
865	197	1
865	743	1
865	840	1
865	393	1
866	828	1
866	146	1
866	182	1
866	790	1
866	247	1
866	583	1
866	537	1
866	540	1
867	921	1
867	170	1
867	353	1
867	11	1
867	329	1
867	512	1
867	369	1
868	355	1
868	690	1
868	826	1
868	617	1
868	190	1
868	609	1
868	790	1
868	285	1
868	557	1
868	74	1
868	249	1
868	468	1
868	373	1
868	812	1
869	120	1
869	80	1
869	575	1
869	420	1
869	269	1
870	516	1
870	767	1
870	779	1
870	471	1
870	394	1
870	920	1
871	76	1
871	884	1
871	7	1
871	450	1
871	655	1
871	523	1
871	924	1
871	915	1
871	935	1
871	3	1
871	941	1
871	566	1
871	758	1
872	880	1
872	411	1
872	834	1
872	974	1
873	787	1
873	88	1
873	856	1
873	905	1
874	755	1
874	481	1
874	261	1
874	200	1
874	663	1
874	675	1
874	988	1
874	993	1
874	514	1
874	648	1
874	745	1
874	834	1
874	677	1
874	697	1
874	772	1
875	831	1
875	357	1
875	534	1
875	820	1
875	237	1
875	1000	1
875	731	1
875	914	1
875	226	1
875	662	1
875	673	1
875	516	1
875	278	1
876	734	1
876	8	1
876	528	1
876	126	1
876	657	1
876	93	1
876	859	1
877	339	1
877	593	1
877	366	1
877	524	1
877	250	1
877	738	1
877	24	1
877	960	1
878	563	1
878	296	1
878	656	1
878	341	1
878	424	1
878	149	1
878	71	1
879	72	1
879	663	1
879	426	1
879	204	1
879	934	1
879	555	1
879	505	1
879	160	1
879	993	1
879	320	1
879	110	1
879	928	1
879	211	1
880	916	1
880	246	1
880	610	1
880	387	1
880	615	1
880	142	1
880	468	1
880	348	1
880	728	1
880	881	1
881	905	1
881	592	1
881	942	1
881	380	1
881	799	1
881	102	1
881	307	1
881	282	1
881	636	1
882	824	1
882	12	1
882	366	1
882	345	1
882	638	1
882	574	1
883	860	1
883	546	1
883	164	1
883	304	1
883	569	1
883	136	1
883	95	1
883	89	1
883	527	1
883	75	1
883	861	1
883	571	1
883	203	1
884	625	1
884	9	1
884	126	1
884	7	1
884	758	1
884	873	1
884	514	1
884	633	1
884	568	1
885	964	1
885	751	1
885	244	1
885	736	1
885	511	1
885	469	1
885	672	1
885	778	1
885	989	1
886	772	1
886	17	1
886	641	1
887	312	1
887	478	1
887	307	1
887	575	1
887	258	1
887	510	1
887	320	1
887	83	1
887	111	1
887	933	1
888	873	1
888	450	1
888	48	1
888	563	1
888	740	1
888	762	1
888	523	1
889	769	1
889	356	1
889	913	1
889	598	1
889	442	1
890	818	1
890	593	1
890	95	1
890	450	1
890	290	1
890	180	1
890	602	1
890	385	1
890	754	1
890	204	1
890	774	1
890	227	1
890	295	1
890	528	1
891	953	1
891	579	1
891	769	1
891	925	1
891	515	1
891	162	1
891	316	1
891	555	1
891	581	1
891	458	1
891	163	1
892	712	1
892	305	1
892	23	1
893	87	1
893	442	1
894	696	1
894	805	1
894	48	1
894	856	1
894	419	1
894	857	1
894	605	1
894	622	1
894	97	1
894	482	1
894	112	1
895	652	1
895	74	1
895	599	1
895	947	1
896	199	1
896	348	1
896	189	1
897	996	1
897	263	1
897	465	1
897	306	1
897	329	1
897	477	1
897	370	1
897	798	1
897	222	1
897	739	1
897	984	1
897	361	1
897	989	1
897	828	1
898	993	1
898	189	1
898	421	1
898	837	1
899	148	1
899	918	1
899	63	1
899	574	1
899	489	1
899	171	1
899	83	1
899	180	1
899	196	1
899	114	1
900	661	1
900	811	1
900	640	1
900	562	1
900	64	1
900	73	1
900	213	1
901	382	1
901	430	1
901	695	1
901	275	1
901	915	1
901	887	1
902	101	1
902	442	1
902	389	1
902	986	1
902	466	1
902	444	1
902	315	1
902	13	1
902	422	1
902	336	1
902	365	1
902	808	1
902	847	1
903	522	1
903	741	1
903	768	1
903	523	1
904	276	1
904	964	1
904	475	1
904	336	1
904	615	1
904	265	1
904	398	1
904	597	1
904	634	1
904	128	1
904	116	1
905	163	1
905	916	1
905	315	1
905	407	1
905	533	1
906	254	1
906	462	1
906	534	1
906	731	1
906	526	1
906	714	1
906	8	1
906	354	1
906	295	1
906	513	1
906	520	1
906	506	1
906	50	1
906	373	1
907	161	1
907	625	1
907	496	1
907	129	1
907	934	1
907	410	1
907	765	1
907	661	1
907	447	1
907	717	1
907	200	1
907	310	1
907	162	1
907	85	1
908	951	1
908	789	1
908	185	1
908	61	1
908	320	1
908	849	1
908	284	1
908	404	1
909	493	1
909	221	1
909	461	1
909	737	1
909	652	1
909	361	1
909	454	1
909	828	1
909	263	1
910	804	1
910	912	1
910	700	1
910	216	1
910	737	1
911	263	1
911	371	1
911	110	1
911	92	1
911	935	1
911	415	1
911	891	1
911	930	1
911	522	1
911	526	1
911	484	1
911	448	1
911	169	1
912	63	1
912	469	1
912	491	1
912	783	1
912	102	1
912	830	1
912	262	1
912	898	1
912	172	1
913	669	1
913	169	1
913	873	1
913	72	1
913	346	1
913	301	1
913	476	1
913	384	1
913	522	1
913	733	1
913	7	1
913	286	1
914	21	1
914	732	1
914	811	1
914	15	1
914	484	1
914	691	1
914	513	1
914	963	1
914	95	1
915	65	1
915	599	1
915	976	1
915	671	1
915	88	1
915	489	1
915	382	1
916	239	1
916	279	1
916	496	1
916	446	1
916	71	1
916	790	1
917	200	1
917	218	1
917	356	1
917	599	1
917	893	1
917	907	1
917	20	1
917	133	1
918	784	1
919	823	1
919	205	1
919	689	1
919	887	1
919	961	1
919	292	1
920	848	1
920	51	1
920	283	1
920	279	1
920	506	1
920	969	1
920	200	1
920	448	1
920	696	1
920	5	1
920	685	1
920	686	1
921	740	1
921	535	1
921	123	1
921	956	1
921	345	1
921	701	1
921	792	1
921	180	1
921	999	1
921	580	1
922	118	1
922	185	1
922	103	1
922	100	1
922	111	1
922	194	1
922	202	1
923	592	1
923	370	1
923	508	1
923	664	1
923	560	1
923	636	1
923	610	1
924	589	1
924	500	1
924	752	1
924	454	1
924	841	1
924	55	1
924	641	1
924	131	1
924	837	1
924	19	1
924	321	1
924	964	1
924	554	1
925	329	1
925	10	1
925	996	1
925	949	1
925	133	1
925	365	1
925	722	1
925	967	1
926	806	1
926	638	1
926	64	1
926	753	1
926	111	1
926	43	1
926	154	1
926	803	1
926	978	1
926	427	1
926	724	1
926	186	1
927	855	1
927	477	1
927	167	1
927	119	1
927	729	1
928	25	1
928	300	1
928	251	1
928	957	1
928	27	1
928	717	1
928	277	1
928	422	1
928	350	1
928	772	1
929	288	1
929	828	1
929	617	1
929	347	1
929	567	1
929	86	1
929	695	1
929	781	1
929	386	1
929	752	1
929	756	1
929	736	1
929	862	1
929	273	1
930	354	1
930	975	1
930	677	1
930	731	1
930	359	1
930	681	1
930	876	1
930	432	1
931	382	1
931	596	1
931	679	1
931	966	1
931	421	1
931	468	1
931	530	1
931	506	1
931	560	1
931	72	1
931	261	1
931	278	1
931	152	1
931	404	1
932	494	1
932	220	1
932	731	1
932	246	1
932	909	1
932	833	1
932	580	1
932	368	1
932	147	1
932	837	1
933	182	1
933	988	1
933	184	1
933	48	1
933	41	1
933	856	1
933	977	1
933	140	1
933	358	1
933	384	1
933	192	1
933	197	1
934	72	1
934	213	1
934	618	1
934	574	1
934	879	1
934	663	1
934	344	1
934	788	1
934	596	1
934	572	1
934	204	1
934	514	1
935	298	1
935	787	1
935	48	1
935	520	1
935	156	1
935	283	1
935	805	1
936	181	1
936	248	1
936	997	1
936	89	1
937	107	1
937	873	1
937	858	1
937	232	1
938	434	1
938	60	1
938	505	1
938	352	1
938	221	1
938	193	1
938	651	1
938	716	1
938	780	1
939	594	1
939	647	1
939	119	1
939	11	1
939	502	1
939	644	1
939	830	1
939	645	1
939	472	1
939	739	1
939	294	1
940	868	1
940	774	1
940	546	1
940	431	1
940	812	1
940	10	1
940	623	1
940	570	1
940	541	1
940	778	1
940	190	1
941	35	1
941	118	1
941	953	1
941	441	1
941	194	1
941	334	1
942	229	1
942	615	1
942	560	1
943	164	1
943	684	1
943	388	1
943	366	1
943	699	1
943	479	1
943	123	1
944	697	1
944	416	1
944	342	1
944	788	1
944	767	1
944	600	1
944	505	1
944	24	1
944	57	1
945	129	1
945	791	1
945	492	1
945	934	1
945	780	1
945	73	1
945	410	1
945	521	1
946	971	1
946	832	1
946	177	1
946	835	1
947	621	1
947	96	1
947	423	1
947	932	1
947	950	1
947	134	1
948	290	1
948	215	1
948	987	1
948	896	1
948	143	1
949	285	1
949	726	1
949	996	1
949	624	1
949	567	1
949	839	1
949	488	1
949	541	1
949	731	1
949	322	1
949	131	1
949	360	1
949	21	1
949	819	1
949	834	1
949	828	1
949	782	1
949	260	1
949	329	1
949	117	1
949	672	1
950	333	1
950	41	1
950	860	1
950	980	1
951	55	1
951	887	1
951	585	1
951	641	1
951	264	1
951	683	1
951	627	1
951	638	1
951	495	1
951	882	1
952	653	1
952	565	1
952	224	1
952	912	1
952	501	1
952	480	1
952	767	1
953	446	1
953	823	1
953	246	1
953	919	1
953	933	1
954	785	1
954	524	1
954	54	1
954	727	1
954	511	1
954	845	1
955	201	1
955	767	1
955	14	1
955	46	1
955	794	1
956	223	1
956	763	1
956	798	1
956	952	1
957	132	1
957	604	1
957	890	1
957	753	1
958	513	1
958	146	1
958	362	1
958	741	1
958	581	1
958	893	1
958	739	1
958	966	1
958	604	1
959	399	1
959	196	1
959	734	1
959	562	1
959	785	1
959	599	1
959	654	1
959	65	1
959	451	1
960	283	1
960	943	1
960	315	1
960	703	1
960	792	1
960	547	1
961	84	1
961	411	1
961	723	1
961	538	1
961	998	1
962	914	1
962	210	1
962	498	1
962	922	1
962	786	1
962	262	1
962	226	1
962	613	1
962	807	1
963	762	1
963	438	1
963	704	1
963	929	1
963	760	1
963	287	1
963	715	1
963	519	1
963	455	1
963	340	1
963	509	1
963	831	1
963	102	1
964	799	1
964	607	1
964	28	1
964	641	1
964	840	1
964	949	1
964	784	1
964	321	1
964	429	1
964	790	1
964	203	1
964	645	1
965	990	1
965	293	1
965	624	1
965	802	1
965	786	1
965	260	1
965	335	1
965	761	1
965	168	1
965	462	1
965	111	1
966	404	1
966	624	1
966	205	1
967	860	1
967	411	1
967	970	1
967	354	1
967	507	1
967	742	1
967	714	1
967	723	1
967	930	1
967	520	1
967	530	1
968	619	1
968	931	1
968	298	1
968	141	1
969	845	1
969	545	1
969	765	1
969	218	1
969	780	1
969	174	1
969	643	1
969	483	1
969	717	1
969	392	1
969	514	1
970	478	1
970	721	1
970	373	1
970	883	1
970	691	1
970	723	1
970	739	1
970	606	1
971	902	1
971	75	1
971	100	1
971	236	1
971	984	1
971	102	1
972	127	1
972	911	1
972	205	1
972	935	1
972	159	1
972	93	1
972	377	1
972	68	1
973	903	1
973	55	1
973	215	1
973	495	1
973	672	1
973	464	1
974	620	1
974	602	1
974	188	1
974	706	1
974	874	1
974	103	1
975	106	1
975	861	1
975	841	1
975	673	1
975	115	1
975	753	1
975	340	1
975	656	1
975	583	1
976	163	1
976	658	1
976	332	1
976	373	1
976	520	1
976	994	1
977	807	1
978	692	1
978	605	1
978	719	1
978	287	1
978	217	1
978	802	1
978	438	1
978	125	1
978	707	1
978	578	1
979	222	1
979	646	1
979	84	1
979	262	1
979	83	1
979	248	1
979	802	1
980	642	1
980	654	1
980	789	1
980	894	1
980	870	1
980	840	1
980	704	1
981	899	1
981	795	1
981	270	1
981	88	1
981	652	1
982	663	1
982	492	1
982	426	1
982	209	1
982	500	1
982	85	1
983	715	1
983	414	1
983	669	1
983	499	1
984	84	1
984	690	1
984	631	1
984	44	1
984	839	1
984	570	1
984	807	1
984	137	1
985	495	1
985	649	1
985	512	1
985	239	1
985	260	1
985	743	1
985	325	1
985	222	1
985	3	1
985	111	1
985	738	1
985	961	1
985	505	1
986	487	1
986	800	1
986	834	1
986	515	1
986	573	1
986	442	1
986	222	1
986	609	1
986	13	1
987	485	1
987	348	1
987	27	1
987	316	1
987	705	1
987	859	1
987	851	1
987	677	1
988	400	1
988	271	1
988	696	1
989	882	1
989	647	1
989	14	1
989	425	1
989	137	1
989	867	1
989	979	1
989	10	1
989	370	1
989	204	1
989	819	1
989	406	1
989	187	1
989	711	1
989	633	1
989	329	1
990	995	1
990	638	1
990	919	1
990	718	1
990	637	1
990	498	1
991	529	1
991	120	1
991	225	1
991	418	1
991	176	1
991	864	1
991	31	1
992	473	1
992	686	1
992	150	1
992	943	1
993	271	1
993	801	1
993	367	1
993	934	1
993	789	1
993	404	1
993	467	1
993	874	1
994	545	1
994	656	1
994	238	1
994	104	1
994	754	1
994	571	1
994	906	1
994	331	1
994	530	1
994	336	1
994	970	1
995	202	1
995	512	1
995	908	1
995	246	1
995	215	1
995	549	1
996	925	1
996	62	1
996	828	1
996	609	1
996	374	1
996	872	1
996	431	1
996	461	1
996	747	1
996	286	1
996	213	1
997	319	1
997	208	1
997	237	1
997	381	1
997	736	1
997	408	1
997	280	1
998	521	1
998	840	1
998	134	1
998	833	1
998	770	1
998	275	1
999	17	1
999	53	1
999	628	1
999	507	1
999	250	1
999	526	1
999	326	1
1000	930	1
1000	507	1
1000	760	1
1000	50	1
1000	106	1
1000	591	1
1000	593	1
1000	379	1
1000	875	1
