1	397	1
1	171	1
1	3	1
1	580	1
1	330	1
1	178	1
1	806	1
1	646	1
1	110	1
1	430	1
1	21	1
1	830	1
1	686	1
1	55	1
1	304	1
1	837	1
1	240	1
2	808	1
2	662	1
2	926	1
2	274	1
2	525	1
2	753	1
3	909	1
3	18	1
3	456	1
3	663	1
3	229	1
3	544	1
3	7	1
3	376	1
3	122	1
3	853	1
3	553	1
3	777	1
3	118	1
3	228	1
3	189	1
3	368	1
3	181	1
3	619	1
3	200	1
4	878	1
4	281	1
4	350	1
4	270	1
4	334	1
4	629	1
4	620	1
4	307	1
4	738	1
4	274	1
4	874	1
4	3	1
4	1000	1
4	641	1
4	188	1
4	704	1
4	914	1
4	664	1
4	847	1
5	279	1
5	693	1
5	80	1
6	534	1
6	723	1
6	500	1
6	69	1
6	778	1
6	706	1
6	640	1
7	118	1
7	987	1
7	914	1
7	143	1
7	33	1
7	550	1
7	524	1
7	660	1
7	635	1
7	167	1
7	1000	1
7	574	1
7	878	1
7	190	1
8	230	1
8	962	1
8	998	1
9	181	1
9	940	1
9	188	1
9	320	1
9	931	1
9	818	1
9	499	1
9	149	1
9	289	1
9	496	1
9	777	1
9	21	1
9	883	1
9	37	1
9	110	1
9	1000	1
9	242	1
9	479	1
9	201	1
9	376	1
10	136	1
10	335	1
10	925	1
10	373	1
10	951	1
11	719	1
11	640	1
11	612	1
11	83	1
11	778	1
11	579	1
11	95	1
11	328	1
11	632	1
11	115	1
12	367	1
12	533	1
12	767	1
12	860	1
12	616	1
12	588	1
12	848	1
12	857	1
13	120	1
13	331	1
13	216	1
13	135	1
14	813	1
14	429	1
14	62	1
14	184	1
14	868	1
14	527	1
15	373	1
15	833	1
15	20	1
15	447	1
15	112	1
15	16	1
16	811	1
16	759	1
16	974	1
16	572	1
16	63	1
16	788	1
16	793	1
16	42	1
17	466	1
17	35	1
17	138	1
17	46	1
17	603	1
17	832	1
17	409	1
17	897	1
18	176	1
18	304	1
18	255	1
18	663	1
18	270	1
18	422	1
18	347	1
19	289	1
19	315	1
19	576	1
19	45	1
20	305	1
20	482	1
20	661	1
20	252	1
20	516	1
20	958	1
20	565	1
20	913	1
20	266	1
20	424	1
21	37	1
21	215	1
21	9	1
21	4	1
21	397	1
21	987	1
21	816	1
21	307	1
21	796	1
21	620	1
21	892	1
21	807	1
21	374	1
21	964	1
21	520	1
21	580	1
21	317	1
22	751	1
22	636	1
22	1000	1
22	635	1
22	189	1
22	524	1
22	242	1
22	681	1
22	777	1
22	273	1
22	531	1
22	289	1
22	611	1
22	181	1
22	883	1
22	4	1
22	56	1
22	229	1
23	701	1
23	105	1
23	614	1
23	116	1
23	755	1
23	472	1
23	996	1
23	540	1
24	329	1
24	789	1
24	316	1
24	467	1
24	115	1
25	494	1
25	908	1
25	34	1
25	738	1
25	41	1
26	430	1
26	156	1
26	879	1
26	361	1
27	127	1
27	361	1
27	183	1
27	134	1
27	513	1
27	29	1
28	872	1
28	171	1
28	156	1
28	131	1
28	575	1
29	68	1
29	430	1
29	874	1
29	920	1
29	880	1
29	70	1
30	65	1
30	764	1
30	712	1
30	399	1
30	700	1
31	394	1
31	636	1
31	174	1
31	627	1
31	569	1
31	765	1
31	924	1
31	78	1
31	1	1
31	360	1
31	553	1
31	511	1
32	884	1
32	874	1
32	502	1
32	364	1
33	958	1
33	454	1
33	459	1
33	609	1
33	538	1
33	737	1
33	616	1
34	494	1
34	985	1
34	721	1
34	600	1
34	910	1
34	919	1
35	202	1
35	855	1
35	438	1
36	117	1
36	861	1
36	197	1
36	634	1
37	636	1
37	387	1
37	787	1
37	337	1
37	260	1
37	200	1
37	880	1
37	663	1
37	497	1
37	240	1
37	317	1
37	478	1
37	929	1
37	431	1
38	953	1
38	466	1
38	274	1
38	479	1
38	228	1
38	496	1
38	455	1
39	243	1
39	350	1
39	736	1
39	179	1
40	871	1
40	688	1
40	241	1
40	286	1
40	745	1
40	12	1
41	729	1
41	845	1
41	600	1
41	675	1
41	249	1
41	322	1
42	888	1
42	523	1
42	559	1
42	935	1
42	498	1
42	850	1
42	338	1
42	80	1
43	48	1
43	110	1
43	633	1
43	504	1
44	620	1
44	842	1
44	736	1
44	39	1
44	568	1
45	703	1
45	747	1
45	622	1
46	498	1
46	637	1
46	416	1
46	362	1
47	350	1
47	555	1
47	869	1
47	770	1
47	139	1
47	623	1
47	289	1
47	274	1
47	914	1
47	334	1
47	999	1
47	200	1
48	889	1
48	818	1
48	516	1
48	759	1
48	116	1
48	447	1
48	738	1
48	426	1
48	366	1
48	431	1
48	424	1
48	63	1
48	609	1
49	973	1
49	192	1
49	879	1
49	151	1
50	556	1
50	890	1
50	185	1
50	524	1
50	508	1
50	175	1
50	176	1
50	580	1
50	718	1
50	641	1
50	466	1
50	904	1
50	593	1
51	599	1
51	314	1
51	230	1
52	76	1
52	498	1
52	265	1
52	630	1
52	454	1
52	305	1
52	951	1
52	755	1
53	113	1
53	485	1
53	548	1
53	447	1
53	755	1
53	426	1
53	20	1
53	786	1
54	507	1
54	674	1
54	389	1
54	225	1
54	887	1
54	821	1
55	847	1
55	3	1
55	215	1
55	200	1
55	611	1
55	760	1
55	544	1
55	732	1
55	752	1
55	981	1
55	883	1
55	869	1
56	75	1
56	905	1
57	12	1
57	735	1
57	801	1
57	446	1
57	8	1
57	315	1
57	450	1
57	676	1
57	725	1
58	467	1
58	187	1
58	96	1
58	564	1
58	382	1
58	543	1
58	248	1
58	679	1
58	581	1
58	154	1
59	110	1
59	959	1
59	883	1
59	827	1
59	268	1
59	676	1
59	869	1
59	795	1
59	520	1
59	171	1
59	296	1
59	465	1
59	229	1
60	297	1
60	265	1
60	262	1
61	235	1
61	381	1
61	634	1
61	588	1
61	298	1
61	404	1
61	788	1
61	454	1
61	426	1
62	362	1
62	986	1
62	699	1
62	416	1
62	46	1
62	243	1
62	17	1
63	755	1
63	850	1
63	838	1
63	90	1
63	6	1
63	746	1
63	404	1
64	750	1
64	822	1
64	610	1
64	519	1
64	712	1
64	785	1
65	40	1
65	409	1
65	607	1
65	435	1
66	661	1
66	121	1
66	741	1
66	673	1
66	246	1
66	74	1
66	811	1
66	36	1
66	381	1
66	927	1
67	371	1
67	329	1
67	845	1
67	721	1
68	469	1
68	651	1
68	156	1
68	168	1
69	169	1
69	943	1
69	272	1
69	45	1
70	395	1
70	660	1
70	191	1
71	588	1
71	887	1
71	691	1
71	42	1
71	252	1
71	784	1
72	583	1
72	333	1
72	10	1
72	323	1
72	917	1
73	131	1
73	667	1
73	355	1
73	790	1
73	698	1
73	169	1
74	881	1
74	818	1
74	447	1
74	971	1
74	996	1
74	632	1
74	944	1
74	889	1
74	861	1
74	791	1
75	789	1
75	896	1
75	864	1
76	52	1
76	116	1
76	572	1
76	93	1
76	61	1
76	670	1
76	332	1
76	53	1
76	959	1
76	889	1
76	888	1
76	419	1
77	172	1
77	822	1
77	412	1
77	756	1
77	298	1
78	221	1
78	981	1
78	795	1
78	3	1
78	804	1
78	576	1
78	939	1
78	55	1
78	496	1
78	869	1
78	733	1
78	483	1
78	762	1
79	204	1
79	262	1
79	971	1
79	412	1
79	119	1
79	160	1
80	944	1
80	927	1
80	498	1
80	996	1
80	74	1
80	634	1
80	759	1
80	688	1
80	518	1
81	177	1
81	758	1
81	146	1
81	918	1
82	549	1
83	948	1
83	834	1
84	271	1
85	874	1
85	364	1
85	433	1
85	189	1
86	43	1
86	925	1
86	775	1
86	679	1
86	584	1
86	277	1
87	815	1
87	12	1
87	848	1
87	470	1
87	820	1
87	450	1
87	860	1
87	725	1
87	193	1
88	644	1
89	208	1
89	167	1
89	953	1
89	545	1
89	31	1
89	682	1
89	623	1
89	939	1
89	945	1
89	357	1
89	379	1
89	173	1
90	861	1
90	988	1
90	61	1
90	965	1
90	898	1
90	428	1
91	97	1
91	38	1
91	893	1
91	541	1
91	22	1
91	376	1
91	320	1
91	229	1
91	732	1
91	260	1
91	620	1
91	169	1
91	907	1
91	596	1
91	545	1
92	62	1
92	443	1
92	676	1
92	986	1
93	548	1
93	108	1
93	105	1
93	667	1
93	426	1
93	805	1
93	954	1
93	723	1
94	715	1
94	745	1
94	388	1
94	210	1
95	386	1
95	83	1
95	955	1
95	951	1
95	161	1
95	119	1
96	592	1
96	587	1
97	360	1
97	829	1
97	689	1
97	173	1
97	497	1
97	947	1
97	342	1
97	751	1
97	576	1
97	555	1
97	320	1
97	619	1
97	541	1
97	185	1
97	251	1
97	126	1
98	746	1
98	956	1
98	359	1
98	974	1
98	682	1
98	108	1
98	69	1
98	490	1
98	588	1
98	674	1
99	452	1
99	393	1
99	780	1
99	541	1
100	97	1
100	611	1
100	638	1
100	824	1
100	686	1
100	397	1
100	288	1
100	732	1
100	995	1
100	215	1
100	770	1
100	9	1
100	429	1
100	499	1
100	524	1
100	829	1
100	22	1
101	828	1
101	679	1
101	599	1
101	352	1
101	457	1
102	802	1
102	615	1
102	244	1
102	606	1
103	637	1
104	494	1
104	95	1
104	284	1
104	571	1
105	523	1
105	426	1
105	72	1
105	674	1
105	454	1
106	79	1
106	534	1
106	403	1
106	785	1
106	990	1
107	969	1
107	126	1
107	201	1
107	582	1
107	334	1
107	330	1
107	348	1
107	501	1
107	580	1
107	574	1
107	18	1
107	664	1
107	199	1
108	898	1
108	555	1
108	759	1
108	332	1
108	932	1
108	366	1
109	486	1
109	658	1
110	433	1
110	274	1
110	251	1
110	317	1
110	385	1
110	733	1
110	882	1
110	638	1
110	556	1
110	18	1
110	625	1
110	862	1
111	647	1
111	715	1
111	367	1
111	210	1
111	684	1
112	246	1
112	605	1
112	935	1
112	36	1
112	559	1
112	714	1
112	209	1
113	381	1
113	80	1
113	671	1
113	786	1
113	252	1
113	42	1
113	54	1
113	10	1
113	142	1
113	366	1
113	699	1
114	869	1
114	807	1
114	275	1
114	176	1
114	995	1
114	360	1
114	397	1
114	544	1
114	541	1
114	466	1
114	317	1
114	698	1
114	907	1
114	771	1
114	173	1
114	629	1
114	593	1
115	172	1
115	234	1
115	43	1
115	879	1
115	723	1
115	836	1
115	801	1
115	591	1
115	262	1
115	402	1
116	468	1
116	791	1
116	389	1
116	605	1
116	949	1
116	786	1
116	384	1
116	197	1
116	809	1
116	526	1
117	799	1
117	935	1
117	488	1
117	776	1
117	424	1
117	680	1
117	958	1
117	949	1
117	559	1
118	953	1
118	509	1
118	342	1
118	646	1
118	984	1
118	862	1
118	242	1
118	569	1
118	251	1
118	261	1
118	263	1
118	704	1
119	56	1
119	500	1
119	601	1
119	825	1
119	772	1
120	116	1
120	276	1
120	317	1
121	33	1
121	485	1
121	323	1
121	42	1
121	74	1
121	335	1
121	482	1
121	941	1
121	746	1
121	404	1
121	287	1
121	454	1
121	354	1
121	559	1
122	760	1
122	646	1
122	123	1
122	733	1
122	862	1
122	274	1
122	385	1
122	294	1
122	765	1
122	557	1
122	718	1
122	22	1
123	12	1
123	367	1
123	168	1
123	728	1
124	28	1
124	792	1
124	293	1
125	256	1
125	85	1
125	463	1
125	539	1
125	966	1
125	490	1
126	862	1
126	520	1
126	576	1
126	596	1
126	492	1
126	310	1
126	972	1
126	839	1
126	311	1
126	593	1
126	221	1
126	162	1
126	211	1
126	665	1
126	835	1
126	524	1
127	129	1
127	285	1
127	972	1
127	16	1
127	265	1
127	468	1
127	359	1
127	811	1
127	632	1
127	93	1
127	305	1
128	946	1
128	712	1
128	719	1
128	106	1
128	871	1
129	127	1
129	870	1
129	32	1
129	666	1
130	164	1
130	476	1
131	169	1
131	58	1
132	184	1
132	148	1
133	297	1
133	128	1
133	622	1
133	43	1
133	286	1
134	685	1
134	828	1
134	802	1
134	267	1
134	679	1
134	154	1
134	322	1
135	41	1
135	589	1
135	581	1
135	239	1
135	352	1
135	528	1
135	58	1
136	711	1
136	224	1
136	113	1
136	988	1
136	90	1
136	74	1
137	814	1
137	749	1
138	56	1
138	763	1
138	897	1
138	99	1
138	213	1
138	876	1
139	189	1
139	385	1
139	252	1
139	456	1
139	307	1
139	304	1
139	873	1
139	733	1
139	545	1
139	330	1
139	423	1
139	804	1
139	796	1
139	574	1
140	792	1
140	471	1
141	344	1
141	629	1
141	455	1
141	945	1
141	21	1
141	110	1
141	582	1
141	387	1
142	384	1
142	493	1
142	888	1
142	193	1
142	116	1
142	754	1
142	919	1
142	770	1
142	974	1
143	839	1
143	178	1
143	555	1
143	575	1
143	429	1
143	421	1
143	350	1
143	220	1
143	162	1
144	151	1
144	888	1
144	926	1
144	381	1
144	546	1
144	694	1
144	146	1
144	938	1
144	312	1
144	684	1
145	102	1
145	170	1
145	794	1
145	322	1
145	267	1
146	844	1
147	969	1
147	59	1
147	233	1
147	545	1
147	824	1
147	143	1
147	947	1
147	905	1
147	743	1
147	858	1
147	928	1
147	907	1
147	839	1
147	372	1
147	773	1
147	619	1
148	525	1
148	368	1
148	894	1
149	174	1
149	139	1
149	704	1
149	862	1
149	698	1
149	625	1
149	995	1
149	620	1
149	496	1
149	173	1
149	843	1
149	743	1
149	734	1
149	311	1
149	901	1
149	686	1
149	167	1
150	573	1
150	802	1
151	257	1
151	788	1
151	678	1
151	581	1
151	646	1
152	225	1
152	948	1
152	978	1
152	951	1
152	10	1
152	197	1
152	805	1
152	838	1
152	142	1
152	788	1
152	932	1
152	224	1
152	121	1
152	617	1
152	988	1
153	417	1
153	829	1
153	989	1
153	785	1
153	328	1
153	297	1
153	757	1
154	742	1
154	916	1
154	369	1
154	150	1
154	581	1
155	926	1
155	278	1
155	35	1
155	660	1
155	413	1
156	515	1
156	502	1
157	920	1
157	85	1
158	134	1
158	96	1
158	600	1
159	980	1
159	595	1
159	539	1
159	799	1
160	825	1
160	403	1
160	238	1
160	133	1
160	982	1
160	862	1
160	503	1
160	166	1
160	948	1
160	40	1
160	439	1
160	756	1
161	138	1
161	539	1
161	213	1
161	846	1
162	311	1
162	190	1
162	413	1
162	686	1
162	576	1
162	783	1
162	414	1
162	251	1
162	570	1
162	385	1
162	953	1
162	147	1
163	536	1
163	161	1
163	964	1
163	313	1
164	25	1
164	476	1
164	130	1
164	371	1
164	717	1
164	324	1
164	249	1
165	950	1
165	464	1
166	95	1
166	419	1
166	354	1
166	792	1
166	20	1
166	286	1
166	64	1
167	31	1
167	379	1
167	307	1
167	509	1
167	722	1
167	646	1
167	304	1
167	743	1
167	55	1
167	185	1
167	762	1
167	567	1
167	455	1
167	625	1
168	672	1
168	367	1
169	434	1
169	536	1
169	125	1
170	606	1
170	352	1
170	514	1
170	246	1
171	664	1
171	350	1
171	260	1
171	650	1
171	858	1
171	619	1
171	624	1
171	376	1
171	391	1
171	890	1
171	421	1
171	496	1
171	551	1
172	691	1
172	683	1
172	83	1
172	153	1
173	350	1
173	242	1
173	639	1
173	650	1
173	931	1
173	501	1
173	194	1
173	985	1
173	360	1
173	839	1
173	928	1
173	732	1
173	220	1
173	229	1
173	89	1
173	593	1
173	567	1
173	228	1
173	890	1
174	520	1
174	625	1
174	347	1
174	824	1
174	47	1
174	580	1
174	839	1
174	842	1
174	185	1
174	941	1
174	999	1
174	803	1
174	570	1
174	175	1
174	144	1
174	1	1
174	796	1
175	218	1
175	251	1
175	185	1
175	7	1
175	544	1
175	167	1
175	929	1
175	545	1
175	421	1
175	869	1
175	114	1
175	901	1
175	531	1
175	141	1
175	21	1
175	330	1
175	37	1
175	497	1
175	924	1
175	422	1
175	787	1
175	31	1
175	162	1
176	858	1
176	215	1
176	733	1
176	255	1
176	50	1
176	941	1
176	787	1
176	627	1
176	625	1
176	220	1
176	862	1
176	208	1
176	999	1
176	47	1
177	689	1
177	277	1
178	664	1
178	787	1
178	816	1
178	21	1
178	942	1
178	3	1
178	893	1
178	489	1
178	147	1
178	189	1
178	726	1
178	419	1
178	835	1
178	255	1
179	426	1
179	538	1
179	52	1
179	424	1
179	451	1
179	889	1
179	498	1
179	316	1
179	888	1
179	370	1
179	66	1
180	213	1
180	835	1
180	736	1
180	676	1
180	842	1
181	664	1
181	391	1
181	508	1
181	878	1
181	524	1
181	960	1
181	722	1
181	421	1
181	718	1
181	858	1
181	639	1
181	4	1
181	772	1
181	455	1
181	385	1
181	143	1
181	387	1
181	91	1
181	765	1
181	350	1
181	236	1
181	152	1
182	338	1
182	647	1
183	444	1
183	334	1
183	26	1
183	460	1
183	597	1
183	28	1
183	651	1
183	123	1
184	865	1
184	848	1
184	618	1
184	193	1
184	767	1
184	480	1
185	49	1
185	374	1
185	611	1
185	807	1
185	947	1
185	496	1
185	423	1
185	97	1
185	520	1
185	247	1
185	199	1
186	532	1
186	961	1
186	504	1
186	412	1
187	145	1
187	269	1
187	528	1
187	643	1
187	702	1
187	239	1
187	134	1
188	9	1
188	250	1
188	556	1
188	576	1
188	37	1
188	50	1
188	796	1
188	240	1
188	173	1
188	532	1
188	509	1
188	724	1
188	100	1
188	862	1
188	627	1
189	909	1
189	971	1
189	326	1
189	479	1
189	563	1
189	840	1
189	3	1
190	229	1
190	556	1
190	734	1
190	337	1
190	173	1
190	629	1
190	228	1
190	263	1
190	641	1
190	176	1
190	931	1
190	716	1
190	532	1
191	992	1
192	157	1
192	781	1
192	361	1
192	863	1
193	715	1
193	533	1
193	643	1
193	14	1
193	306	1
193	728	1
194	455	1
194	215	1
194	342	1
194	877	1
194	274	1
194	524	1
194	905	1
194	497	1
194	611	1
194	830	1
194	795	1
194	221	1
194	704	1
195	899	1
195	893	1
195	150	1
195	739	1
195	789	1
195	657	1
196	832	1
196	443	1
196	568	1
196	599	1
196	159	1
197	959	1
197	948	1
197	52	1
197	266	1
197	821	1
197	957	1
198	746	1
198	632	1
198	265	1
198	666	1
198	767	1
198	780	1
198	117	1
198	473	1
198	887	1
198	935	1
198	275	1
198	881	1
199	273	1
199	625	1
199	307	1
199	982	1
199	973	1
199	808	1
199	520	1
199	320	1
199	823	1
199	928	1
199	611	1
199	270	1
199	110	1
200	806	1
200	977	1
200	981	1
200	47	1
200	642	1
200	429	1
200	837	1
200	635	1
200	326	1
200	391	1
201	987	1
201	185	1
201	663	1
201	579	1
201	357	1
201	697	1
201	623	1
201	320	1
201	289	1
201	401	1
201	761	1
201	681	1
201	55	1
201	796	1
201	31	1
201	646	1
201	698	1
201	911	1
201	260	1
201	38	1
202	211	1
202	336	1
202	35	1
203	571	1
203	633	1
203	688	1
203	900	1
203	583	1
203	185	1
204	301	1
205	536	1
205	355	1
205	411	1
205	487	1
205	72	1
205	169	1
205	982	1
205	299	1
206	768	1
207	988	1
207	470	1
207	677	1
208	743	1
208	162	1
208	261	1
208	664	1
208	843	1
208	176	1
208	18	1
208	21	1
208	220	1
208	663	1
208	853	1
208	722	1
208	288	1
208	317	1
208	509	1
209	313	1
209	367	1
209	259	1
210	144	1
210	694	1
210	406	1
210	715	1
211	232	1
211	197	1
211	886	1
211	792	1
212	449	1
212	450	1
212	377	1
213	320	1
213	345	1
213	661	1
213	163	1
213	980	1
213	749	1
213	986	1
213	782	1
214	727	1
214	416	1
214	946	1
215	642	1
215	320	1
215	783	1
215	905	1
215	55	1
215	194	1
215	110	1
215	878	1
215	995	1
215	973	1
216	800	1
216	145	1
216	467	1
216	675	1
216	238	1
216	896	1
217	865	1
217	436	1
217	306	1
217	810	1
218	274	1
218	624	1
218	174	1
219	151	1
219	168	1
219	860	1
219	184	1
219	895	1
220	611	1
220	545	1
220	429	1
220	200	1
220	519	1
220	520	1
220	971	1
220	306	1
220	374	1
220	877	1
220	724	1
220	718	1
220	837	1
220	365	1
220	167	1
220	50	1
220	869	1
221	194	1
221	843	1
221	596	1
221	21	1
221	337	1
221	508	1
221	181	1
221	89	1
221	3	1
221	893	1
221	506	1
221	541	1
221	569	1
221	9	1
221	126	1
222	102	1
222	476	1
222	994	1
222	979	1
223	196	1
223	388	1
223	986	1
223	292	1
223	213	1
223	774	1
224	821	1
224	870	1
224	759	1
224	237	1
224	127	1
224	801	1
225	809	1
225	776	1
225	265	1
225	498	1
225	76	1
225	711	1
225	530	1
226	492	1
226	193	1
226	568	1
226	39	1
226	713	1
227	149	1
227	147	1
227	807	1
227	883	1
227	556	1
227	176	1
227	521	1
227	941	1
227	228	1
227	181	1
227	456	1
227	724	1
227	107	1
227	751	1
227	294	1
227	376	1
227	823	1
227	174	1
227	162	1
228	771	1
228	358	1
228	304	1
228	347	1
228	790	1
228	317	1
228	185	1
228	307	1
228	545	1
228	827	1
228	624	1
228	387	1
229	878	1
229	765	1
229	376	1
229	641	1
229	905	1
229	722	1
229	611	1
229	646	1
229	982	1
229	981	1
229	642	1
229	320	1
229	600	1
229	777	1
229	761	1
229	365	1
229	225	1
230	148	1
230	244	1
230	769	1
231	238	1
231	412	1
231	801	1
231	241	1
231	633	1
231	60	1
231	822	1
231	977	1
231	106	1
231	414	1
232	103	1
232	636	1
232	191	1
232	700	1
232	145	1
233	567	1
233	524	1
233	704	1
233	550	1
233	711	1
233	931	1
233	21	1
233	722	1
233	167	1
233	611	1
233	563	1
234	877	1
234	561	1
234	331	1
235	121	1
235	988	1
235	588	1
235	381	1
235	298	1
235	526	1
235	746	1
235	538	1
235	683	1
235	266	1
235	36	1
235	804	1
235	671	1
235	38	1
236	348	1
236	853	1
236	69	1
236	199	1
236	877	1
236	795	1
236	97	1
236	947	1
236	387	1
236	664	1
236	569	1
236	929	1
236	953	1
236	973	1
236	620	1
236	233	1
237	889	1
237	78	1
237	80	1
237	101	1
237	793	1
237	932	1
237	402	1
237	762	1
237	10	1
237	54	1
237	850	1
238	955	1
238	601	1
238	43	1
238	683	1
238	386	1
238	831	1
239	216	1
239	685	1
239	679	1
239	440	1
239	316	1
239	285	1
239	739	1
239	269	1
240	941	1
240	521	1
240	796	1
240	762	1
240	624	1
240	665	1
240	807	1
240	928	1
240	178	1
240	639	1
240	342	1
240	185	1
240	804	1
240	730	1
240	620	1
240	188	1
240	663	1
241	119	1
241	60	1
241	297	1
241	688	1
241	977	1
241	408	1
241	128	1
241	439	1
242	260	1
242	387	1
242	973	1
242	465	1
242	777	1
242	931	1
242	796	1
242	665	1
242	960	1
242	716	1
243	214	1
243	217	1
243	125	1
243	749	1
243	491	1
243	138	1
243	435	1
243	522	1
244	473	1
244	922	1
244	458	1
244	51	1
244	713	1
245	208	1
245	900	1
245	492	1
245	592	1
246	142	1
246	834	1
246	72	1
246	917	1
246	944	1
247	901	1
247	908	1
247	687	1
247	91	1
247	304	1
247	880	1
247	611	1
247	229	1
247	560	1
247	570	1
247	940	1
247	397	1
247	638	1
247	697	1
247	141	1
247	391	1
248	114	1
248	933	1
249	58	1
249	589	1
249	896	1
249	717	1
250	274	1
250	214	1
250	929	1
250	496	1
250	9	1
250	544	1
250	520	1
250	777	1
250	698	1
250	508	1
250	391	1
250	824	1
250	878	1
250	21	1
250	847	1
251	358	1
251	337	1
251	201	1
251	751	1
251	220	1
251	369	1
251	263	1
251	570	1
251	350	1
251	905	1
251	376	1
252	898	1
252	33	1
252	426	1
252	338	1
252	759	1
252	23	1
252	485	1
252	868	1
252	974	1
252	632	1
252	390	1
252	72	1
252	714	1
253	949	1
253	354	1
253	370	1
253	380	1
253	655	1
253	788	1
253	265	1
253	889	1
253	982	1
254	80	1
254	467	1
254	416	1
254	145	1
254	316	1
254	592	1
254	705	1
254	742	1
254	154	1
255	118	1
255	251	1
255	847	1
255	200	1
255	837	1
255	981	1
255	823	1
255	463	1
256	482	1
256	125	1
256	409	1
257	184	1
257	798	1
257	912	1
258	260	1
258	665	1
258	274	1
258	200	1
258	619	1
258	289	1
258	275	1
258	939	1
258	221	1
258	790	1
258	296	1
258	50	1
258	342	1
258	646	1
259	346	1
259	918	1
259	678	1
259	309	1
259	392	1
259	217	1
259	57	1
259	219	1
259	735	1
260	550	1
260	9	1
260	303	1
260	200	1
260	100	1
260	189	1
260	122	1
260	765	1
260	204	1
260	360	1
260	242	1
260	448	1
261	171	1
261	190	1
261	760	1
261	181	1
261	795	1
261	263	1
261	663	1
261	862	1
261	761	1
261	924	1
262	885	1
262	831	1
262	186	1
263	959	1
263	553	1
263	995	1
263	344	1
263	909	1
263	973	1
263	770	1
263	273	1
263	971	1
263	9	1
263	18	1
263	55	1
263	501	1
263	385	1
263	50	1
263	837	1
263	220	1
264	58	1
264	656	1
264	789	1
264	600	1
264	158	1
264	800	1
265	252	1
265	113	1
265	776	1
265	305	1
265	335	1
265	15	1
265	653	1
265	446	1
265	632	1
265	754	1
265	90	1
266	944	1
266	129	1
266	888	1
266	23	1
266	691	1
266	53	1
266	996	1
266	459	1
266	861	1
267	276	1
267	248	1
267	738	1
267	282	1
267	130	1
267	58	1
267	245	1
267	25	1
267	134	1
267	915	1
267	739	1
267	150	1
267	216	1
267	717	1
268	906	1
268	391	1
268	808	1
268	250	1
268	627	1
268	698	1
268	422	1
268	175	1
268	141	1
268	162	1
268	947	1
269	329	1
269	573	1
269	189	1
269	187	1
269	552	1
269	150	1
269	938	1
269	592	1
269	828	1
269	910	1
269	675	1
269	58	1
270	909	1
270	21	1
270	263	1
270	914	1
270	639	1
270	520	1
270	724	1
270	1	1
270	907	1
270	553	1
270	110	1
270	995	1
270	50	1
270	465	1
270	687	1
270	497	1
271	987	1
271	363	1
271	132	1
271	437	1
272	744	1
272	993	1
272	88	1
272	355	1
273	732	1
273	641	1
273	296	1
273	414	1
273	806	1
273	716	1
273	602	1
273	233	1
273	317	1
273	556	1
273	718	1
274	929	1
274	228	1
274	596	1
274	242	1
274	835	1
274	394	1
274	939	1
274	218	1
274	664	1
274	806	1
274	724	1
275	143	1
275	928	1
275	787	1
275	176	1
275	582	1
275	697	1
275	247	1
275	686	1
275	947	1
275	189	1
275	31	1
275	567	1
275	560	1
275	873	1
276	494	1
276	248	1
276	393	1
276	25	1
276	789	1
276	352	1
276	930	1
276	600	1
276	150	1
276	581	1
276	828	1
277	186	1
277	955	1
277	83	1
278	692	1
278	702	1
278	700	1
278	896	1
279	410	1
279	549	1
279	82	1
279	294	1
279	884	1
280	385	1
280	455	1
280	496	1
280	940	1
280	905	1
280	732	1
280	878	1
280	9	1
280	544	1
280	582	1
280	681	1
280	350	1
280	21	1
280	733	1
280	497	1
281	593	1
281	317	1
281	839	1
281	953	1
281	273	1
281	240	1
281	847	1
281	858	1
281	982	1
281	221	1
281	830	1
281	401	1
281	619	1
281	499	1
281	931	1
281	934	1
281	496	1
281	378	1
281	770	1
281	236	1
281	289	1
281	743	1
281	724	1
282	802	1
282	919	1
282	195	1
282	267	1
282	775	1
282	640	1
283	123	1
283	998	1
283	647	1
283	12	1
283	111	1
284	822	1
284	386	1
284	757	1
284	748	1
284	534	1
285	701	1
285	121	1
285	113	1
285	833	1
285	972	1
285	776	1
285	526	1
285	485	1
285	447	1
285	381	1
285	564	1
286	160	1
286	831	1
286	301	1
286	946	1
286	504	1
286	977	1
287	373	1
287	850	1
287	424	1
287	833	1
287	76	1
287	332	1
287	404	1
288	890	1
288	342	1
288	837	1
288	118	1
288	263	1
288	880	1
288	659	1
288	773	1
288	535	1
288	247	1
288	228	1
288	1000	1
288	194	1
289	995	1
289	718	1
289	593	1
289	22	1
289	233	1
289	892	1
289	869	1
289	777	1
289	414	1
289	969	1
289	78	1
289	641	1
289	31	1
289	222	1
289	551	1
289	783	1
289	730	1
289	263	1
289	558	1
289	557	1
290	256	1
290	420	1
290	340	1
290	550	1
290	487	1
290	682	1
290	73	1
291	428	1
291	310	1
292	582	1
292	727	1
292	65	1
292	763	1
293	594	1
294	55	1
294	387	1
294	31	1
294	201	1
294	636	1
294	260	1
294	629	1
294	97	1
294	520	1
294	274	1
294	374	1
294	110	1
294	3	1
294	369	1
294	981	1
294	627	1
294	557	1
294	570	1
294	175	1
294	982	1
295	126	1
295	494	1
295	800	1
295	34	1
296	858	1
296	734	1
296	358	1
296	814	1
296	840	1
296	347	1
296	905	1
296	255	1
296	524	1
296	326	1
296	483	1
296	126	1
296	240	1
296	664	1
297	955	1
297	757	1
297	500	1
297	412	1
297	706	1
297	683	1
297	172	1
297	11	1
298	673	1
298	266	1
298	912	1
298	93	1
298	90	1
298	709	1
299	937	1
299	355	1
301	231	1
301	834	1
301	802	1
301	225	1
301	977	1
301	778	1
301	238	1
301	504	1
302	585	1
302	848	1
302	209	1
302	815	1
302	786	1
302	490	1
303	299	1
303	19	1
303	513	1
303	340	1
304	7	1
304	772	1
304	126	1
304	830	1
304	929	1
304	21	1
304	175	1
304	200	1
304	524	1
305	179	1
305	881	1
305	325	1
305	93	1
305	237	1
305	198	1
305	152	1
305	709	1
305	932	1
305	117	1
305	559	1
305	142	1
305	912	1
305	988	1
305	70	1
306	574	1
306	478	1
306	517	1
306	585	1
306	534	1
306	844	1
306	123	1
306	411	1
306	168	1
307	777	1
307	347	1
307	847	1
307	97	1
307	582	1
307	873	1
307	394	1
307	563	1
307	358	1
307	281	1
308	341	1
308	740	1
308	67	1
308	480	1
308	549	1
308	376	1
309	862	1
309	388	1
309	257	1
309	12	1
309	209	1
310	649	1
310	405	1
310	165	1
310	510	1
311	960	1
311	163	1
311	258	1
311	374	1
311	434	1
311	557	1
311	357	1
312	12	1
312	938	1
312	346	1
312	845	1
312	812	1
312	904	1
312	533	1
312	803	1
313	986	1
313	607	1
313	159	1
314	637	1
314	76	1
314	908	1
314	323	1
315	171	1
315	449	1
315	744	1
315	567	1
316	587	1
316	322	1
316	254	1
316	606	1
317	499	1
317	176	1
317	188	1
317	334	1
317	724	1
317	560	1
317	55	1
317	508	1
317	162	1
317	668	1
317	114	1
317	227	1
317	611	1
317	557	1
317	190	1
317	716	1
318	75	1
318	25	1
318	58	1
318	630	1
318	264	1
318	287	1
318	916	1
318	101	1
318	929	1
318	329	1
318	538	1
318	802	1
318	371	1
319	303	1
319	299	1
319	230	1
319	36	1
319	355	1
320	953	1
320	969	1
320	114	1
320	296	1
320	959	1
320	569	1
320	636	1
320	816	1
320	422	1
320	698	1
320	176	1
320	647	1
320	558	1
320	247	1
320	59	1
321	131	1
322	933	1
322	51	1
322	679	1
322	498	1
322	316	1
322	930	1
323	856	1
323	526	1
323	518	1
324	738	1
324	352	1
324	187	1
324	630	1
324	282	1
325	791	1
325	573	1
325	253	1
325	978	1
325	559	1
325	127	1
325	116	1
325	572	1
325	540	1
325	848	1
325	788	1
325	671	1
325	229	1
325	564	1
325	485	1
325	673	1
326	394	1
326	379	1
326	659	1
326	878	1
326	544	1
326	570	1
326	941	1
326	620	1
326	730	1
326	939	1
326	743	1
326	126	1
326	901	1
326	722	1
326	21	1
326	139	1
326	508	1
326	173	1
327	197	1
327	120	1
327	927	1
327	826	1
327	752	1
327	789	1
327	21	1
327	851	1
328	276	1
328	402	1
328	834	1
328	871	1
328	115	1
328	900	1
329	248	1
329	96	1
329	13	1
329	134	1
329	264	1
329	738	1
329	242	1
329	164	1
329	606	1
329	102	1
330	770	1
330	574	1
330	550	1
330	858	1
330	229	1
330	190	1
330	570	1
330	255	1
330	697	1
330	215	1
330	455	1
330	334	1
330	149	1
330	567	1
330	189	1
331	75	1
331	859	1
332	105	1
332	958	1
332	498	1
332	36	1
332	485	1
332	225	1
332	786	1
333	764	1
333	338	1
333	791	1
333	786	1
333	136	1
333	530	1
334	218	1
334	227	1
334	824	1
334	22	1
334	545	1
334	847	1
334	260	1
334	940	1
334	360	1
334	984	1
334	883	1
334	149	1
334	171	1
334	379	1
334	199	1
335	390	1
335	572	1
335	948	1
335	957	1
335	967	1
335	72	1
335	482	1
335	381	1
335	326	1
336	148	1
336	855	1
336	700	1
337	483	1
337	982	1
337	22	1
337	188	1
337	795	1
337	374	1
337	783	1
337	164	1
337	304	1
337	550	1
337	907	1
337	847	1
338	335	1
338	791	1
338	861	1
338	888	1
338	23	1
338	80	1
338	799	1
338	682	1
338	793	1
338	776	1
338	745	1
339	131	1
340	894	1
340	4	1
340	529	1
341	713	1
341	677	1
341	718	1
341	440	1
341	208	1
342	126	1
342	118	1
342	641	1
342	258	1
342	200	1
342	357	1
342	220	1
342	141	1
342	443	1
342	635	1
342	567	1
342	827	1
342	469	1
342	330	1
344	174	1
344	227	1
344	623	1
344	722	1
344	7	1
344	737	1
344	508	1
344	260	1
344	620	1
344	929	1
344	423	1
344	162	1
344	465	1
345	223	1
345	256	1
345	56	1
346	259	1
346	105	1
346	591	1
346	411	1
346	454	1
347	236	1
347	374	1
347	636	1
347	973	1
347	499	1
347	287	1
347	38	1
347	228	1
347	853	1
347	804	1
347	623	1
347	582	1
347	171	1
347	229	1
347	22	1
347	78	1
348	843	1
348	551	1
348	760	1
348	334	1
348	240	1
348	873	1
348	625	1
348	772	1
348	215	1
348	762	1
349	766	1
349	895	1
349	406	1
349	583	1
349	915	1
350	761	1
350	760	1
350	796	1
350	294	1
350	143	1
350	984	1
350	21	1
350	874	1
350	580	1
350	665	1
350	499	1
350	149	1
350	162	1
350	837	1
350	971	1
351	57	1
351	111	1
351	305	1
351	810	1
351	820	1
351	144	1
352	600	1
352	789	1
352	738	1
352	303	1
352	749	1
353	700	1
353	590	1
354	791	1
354	793	1
354	917	1
354	33	1
354	714	1
354	818	1
354	472	1
354	548	1
355	925	1
355	88	1
355	744	1
355	708	1
356	210	1
356	810	1
356	217	1
356	672	1
357	334	1
357	261	1
357	837	1
357	115	1
357	567	1
357	227	1
357	560	1
357	307	1
357	47	1
357	100	1
357	107	1
357	344	1
357	422	1
357	274	1
358	449	1
358	326	1
358	508	1
358	940	1
358	575	1
358	987	1
358	497	1
358	465	1
358	795	1
359	390	1
359	5	1
359	446	1
360	143	1
360	804	1
360	178	1
360	760	1
360	114	1
360	796	1
360	544	1
360	188	1
360	623	1
360	348	1
361	695	1
361	183	1
361	628	1
362	409	1
362	782	1
362	598	1
362	62	1
363	805	1
363	486	1
363	839	1
364	29	1
364	85	1
364	603	1
365	858	1
365	178	1
365	806	1
365	753	1
365	787	1
365	538	1
365	924	1
365	773	1
365	814	1
366	121	1
366	750	1
366	384	1
366	653	1
366	699	1
366	117	1
367	821	1
367	591	1
367	728	1
368	764	1
368	84	1
368	463	1
368	792	1
368	132	1
369	149	1
369	220	1
369	360	1
369	334	1
369	722	1
369	639	1
369	816	1
369	987	1
369	521	1
369	344	1
370	634	1
370	989	1
370	117	1
370	285	1
370	974	1
370	468	1
370	518	1
371	101	1
371	869	1
371	851	1
371	800	1
371	150	1
371	154	1
371	514	1
371	933	1
372	561	1
372	462	1
373	187	1
373	16	1
373	437	1
373	452	1
373	253	1
373	828	1
373	709	1
373	113	1
373	605	1
373	15	1
373	680	1
373	974	1
374	304	1
374	22	1
374	178	1
374	629	1
374	110	1
374	91	1
374	647	1
374	704	1
374	914	1
375	690	1
375	955	1
375	83	1
375	38	1
375	153	1
375	106	1
375	841	1
376	137	1
376	808	1
376	273	1
376	664	1
376	173	1
376	360	1
376	596	1
376	227	1
376	704	1
376	178	1
376	535	1
376	906	1
377	88	1
377	513	1
377	534	1
377	445	1
377	315	1
377	536	1
378	339	1
379	995	1
379	114	1
379	924	1
379	263	1
379	304	1
379	365	1
379	939	1
379	131	1
379	829	1
379	401	1
379	878	1
380	381	1
380	103	1
380	80	1
380	98	1
380	786	1
380	335	1
380	818	1
381	66	1
381	96	1
381	384	1
381	537	1
381	90	1
382	396	1
382	717	1
382	324	1
382	630	1
382	245	1
382	484	1
382	239	1
382	316	1
382	494	1
383	618	1
383	615	1
383	942	1
384	52	1
384	42	1
384	784	1
384	74	1
384	551	1
385	806	1
385	732	1
385	242	1
385	570	1
385	795	1
385	860	1
385	55	1
385	553	1
385	296	1
385	604	1
385	760	1
385	1000	1
385	273	1
385	347	1
385	751	1
385	173	1
386	104	1
386	412	1
387	460	1
387	240	1
387	215	1
387	401	1
387	258	1
387	173	1
387	535	1
387	78	1
387	733	1
387	969	1
388	462	1
388	313	1
388	735	1
388	129	1
388	504	1
389	437	1
389	788	1
389	63	1
389	609	1
389	780	1
389	548	1
389	74	1
389	542	1
389	16	1
390	746	1
390	951	1
390	197	1
390	786	1
390	711	1
390	298	1
390	325	1
390	225	1
390	253	1
390	53	1
390	454	1
390	105	1
390	335	1
390	54	1
391	401	1
391	369	1
391	350	1
391	611	1
391	761	1
391	215	1
391	273	1
391	624	1
391	122	1
391	397	1
391	477	1
391	995	1
391	762	1
391	627	1
391	939	1
391	499	1
392	615	1
392	866	1
392	735	1
392	728	1
392	193	1
392	694	1
393	983	1
394	878	1
394	247	1
394	998	1
394	574	1
394	227	1
394	837	1
394	839	1
394	218	1
394	51	1
394	91	1
394	421	1
394	466	1
394	201	1
394	477	1
394	511	1
394	143	1
394	251	1
395	660	1
395	975	1
396	889	1
396	630	1
396	149	1
396	731	1
396	849	1
396	13	1
396	164	1
397	760	1
397	143	1
397	178	1
397	642	1
397	18	1
397	258	1
397	953	1
397	288	1
397	379	1
397	941	1
397	208	1
398	111	1
398	99	1
398	899	1
398	734	1
399	876	1
399	65	1
399	416	1
399	527	1
400	433	1
400	824	1
400	430	1
400	645	1
401	541	1
401	483	1
401	280	1
401	107	1
401	477	1
401	9	1
401	335	1
401	456	1
401	466	1
401	636	1
401	924	1
402	475	1
402	900	1
402	578	1
402	95	1
402	712	1
402	588	1
402	286	1
402	779	1
402	46	1
403	519	1
403	750	1
403	133	1
403	977	1
403	834	1
404	179	1
404	411	1
404	63	1
404	948	1
404	370	1
404	666	1
404	811	1
404	784	1
404	426	1
404	237	1
404	518	1
405	314	1
405	343	1
405	250	1
405	428	1
405	555	1
406	12	1
406	655	1
406	346	1
406	312	1
407	302	1
408	616	1
408	956	1
408	750	1
408	640	1
408	633	1
408	407	1
408	166	1
408	500	1
409	80	1
409	137	1
409	226	1
410	343	1
410	489	1
410	549	1
410	976	1
411	865	1
411	450	1
411	689	1
411	546	1
411	963	1
411	815	1
411	219	1
412	571	1
412	104	1
412	841	1
412	900	1
412	648	1
412	706	1
414	892	1
414	38	1
414	351	1
414	385	1
414	743	1
414	218	1
414	787	1
414	827	1
414	878	1
414	1000	1
414	893	1
414	807	1
414	771	1
414	803	1
414	3	1
414	960	1
414	118	1
414	538	1
414	635	1
414	765	1
415	364	1
415	157	1
415	502	1
415	89	1
416	813	1
416	243	1
416	435	1
417	79	1
417	475	1
417	262	1
417	778	1
417	471	1
417	95	1
417	241	1
417	710	1
417	688	1
417	439	1
417	712	1
418	622	1
418	703	1
418	644	1
418	577	1
418	246	1
419	95	1
419	961	1
419	571	1
420	608	1
420	936	1
420	613	1
420	638	1
421	414	1
421	878	1
421	379	1
421	294	1
421	499	1
421	593	1
421	3	1
421	638	1
421	149	1
421	337	1
421	596	1
421	122	1
422	531	1
422	596	1
422	812	1
422	576	1
422	221	1
422	977	1
422	288	1
422	167	1
422	929	1
422	983	1
422	483	1
422	178	1
422	625	1
422	620	1
422	893	1
423	280	1
423	624	1
423	414	1
423	268	1
423	730	1
423	839	1
423	229	1
423	448	1
423	929	1
423	288	1
423	816	1
423	733	1
423	773	1
423	878	1
423	240	1
424	370	1
424	542	1
424	108	1
424	54	1
424	389	1
424	605	1
424	16	1
424	699	1
424	899	1
425	276	1
425	444	1
426	33	1
426	325	1
426	788	1
426	965	1
426	714	1
426	671	1
426	266	1
426	516	1
426	856	1
426	446	1
426	653	1
427	727	1
427	345	1
427	492	1
428	310	1
428	93	1
428	253	1
428	480	1
428	785	1
428	244	1
429	524	1
429	280	1
429	625	1
429	465	1
429	602	1
429	663	1
429	960	1
429	50	1
429	953	1
429	575	1
429	273	1
429	929	1
429	422	1
430	461	1
430	873	1
431	511	1
431	596	1
431	261	1
431	509	1
431	638	1
431	465	1
431	358	1
431	194	1
431	456	1
431	479	1
431	22	1
431	973	1
431	777	1
431	803	1
431	569	1
431	770	1
431	545	1
431	858	1
431	575	1
432	643	1
432	140	1
432	981	1
432	413	1
432	926	1
433	415	1
433	964	1
433	26	1
433	940	1
434	303	1
434	925	1
434	272	1
434	943	1
435	676	1
435	62	1
435	163	1
435	501	1
435	491	1
435	964	1
435	256	1
436	10	1
436	94	1
436	193	1
436	428	1
436	848	1
437	364	1
437	687	1
437	183	1
437	27	1
437	157	1
438	60	1
438	923	1
438	342	1
438	217	1
438	330	1
438	271	1
438	79	1
439	11	1
439	834	1
439	782	1
439	412	1
439	803	1
439	284	1
440	239	1
440	154	1
440	484	1
440	737	1
441	488	1
441	404	1
442	370	1
442	287	1
442	994	1
442	523	1
442	485	1
442	944	1
442	791	1
444	872	1
444	502	1
444	781	1
444	460	1
444	234	1
444	384	1
445	925	1
445	449	1
445	19	1
445	88	1
445	817	1
445	708	1
446	954	1
446	870	1
446	365	1
446	523	1
446	287	1
446	780	1
446	634	1
446	224	1
446	390	1
446	559	1
446	424	1
446	791	1
446	389	1
446	542	1
446	246	1
447	454	1
447	265	1
447	788	1
447	333	1
447	518	1
447	305	1
447	988	1
447	472	1
447	743	1
447	523	1
447	121	1
447	323	1
448	876	1
448	441	1
449	355	1
449	261	1
450	866	1
450	57	1
450	831	1
450	865	1
450	8	1
450	615	1
450	217	1
450	111	1
451	526	1
451	127	1
451	680	1
451	48	1
451	253	1
451	548	1
451	338	1
452	605	1
452	711	1
452	565	1
452	856	1
452	850	1
452	287	1
452	23	1
452	799	1
453	439	1
453	544	1
453	921	1
454	838	1
454	179	1
454	59	1
454	426	1
454	390	1
454	927	1
454	821	1
454	80	1
454	954	1
454	452	1
455	906	1
455	199	1
455	347	1
455	858	1
455	787	1
455	939	1
455	629	1
455	374	1
455	940	1
455	625	1
455	890	1
455	646	1
455	251	1
456	686	1
456	397	1
456	557	1
456	479	1
456	590	1
456	261	1
456	59	1
456	114	1
456	106	1
456	350	1
456	971	1
456	593	1
456	143	1
456	344	1
457	308	1
457	45	1
459	76	1
459	36	1
459	711	1
459	498	1
459	404	1
459	542	1
459	184	1
459	507	1
459	16	1
460	361	1
460	645	1
460	77	1
460	157	1
460	616	1
460	28	1
461	486	1
461	157	1
461	477	1
461	231	1
461	645	1
462	123	1
462	259	1
462	450	1
462	598	1
463	492	1
463	159	1
463	676	1
464	820	1
465	188	1
465	765	1
465	521	1
465	914	1
465	240	1
465	37	1
465	55	1
465	553	1
465	50	1
465	806	1
465	531	1
465	242	1
465	317	1
465	118	1
465	394	1
465	532	1
465	134	1
465	830	1
465	21	1
465	483	1
466	659	1
466	890	1
466	771	1
466	873	1
466	350	1
466	3	1
466	829	1
466	942	1
466	347	1
466	126	1
466	139	1
466	334	1
466	250	1
466	556	1
466	200	1
466	227	1
466	892	1
466	229	1
467	121	1
467	329	1
467	278	1
467	145	1
467	721	1
467	581	1
468	287	1
468	887	1
468	166	1
468	505	1
468	518	1
468	957	1
468	784	1
468	253	1
468	691	1
468	572	1
468	759	1
468	711	1
468	978	1
468	755	1
469	444	1
469	49	1
470	606	1
470	462	1
470	94	1
470	986	1
471	140	1
471	621	1
471	920	1
472	714	1
472	989	1
472	676	1
472	78	1
472	225	1
472	305	1
472	325	1
472	112	1
472	554	1
472	833	1
472	634	1
472	16	1
472	54	1
473	266	1
473	54	1
473	927	1
473	666	1
473	811	1
473	956	1
473	195	1
474	123	1
474	942	1
475	335	1
475	375	1
475	836	1
475	648	1
476	828	1
476	600	1
476	731	1
476	484	1
476	543	1
476	216	1
476	934	1
476	626	1
476	589	1
476	222	1
477	431	1
477	907	1
477	228	1
477	611	1
477	544	1
477	255	1
477	787	1
478	615	1
478	474	1
478	470	1
478	798	1
479	686	1
479	772	1
479	611	1
479	579	1
479	496	1
479	687	1
479	862	1
479	570	1
479	229	1
479	394	1
480	458	1
480	5	1
481	87	1
481	647	1
481	848	1
481	904	1
482	857	1
482	951	1
482	793	1
482	746	1
482	741	1
482	754	1
482	384	1
482	755	1
482	426	1
482	791	1
482	366	1
483	330	1
483	204	1
483	880	1
483	971	1
483	823	1
483	619	1
483	734	1
483	208	1
483	97	1
483	16	1
483	171	1
483	777	1
483	431	1
483	905	1
483	968	1
483	215	1
484	295	1
484	24	1
484	276	1
484	685	1
484	675	1
485	265	1
485	98	1
485	591	1
485	965	1
485	935	1
485	530	1
485	565	1
486	706	1
486	6	1
486	364	1
486	444	1
487	529	1
487	303	1
487	355	1
487	449	1
488	346	1
488	829	1
488	182	1
489	458	1
489	341	1
490	224	1
490	838	1
490	381	1
490	833	1
490	447	1
490	312	1
490	370	1
490	523	1
491	257	1
491	964	1
491	631	1
492	954	1
492	463	1
492	696	1
492	606	1
492	623	1
492	435	1
492	292	1
492	607	1
492	595	1
493	454	1
493	359	1
493	472	1
493	881	1
493	252	1
493	875	1
493	673	1
494	67	1
494	739	1
494	371	1
494	934	1
495	320	1
496	796	1
496	391	1
496	215	1
496	162	1
496	892	1
496	501	1
496	624	1
496	724	1
496	659	1
496	360	1
496	901	1
496	288	1
496	374	1
497	827	1
497	374	1
497	468	1
497	296	1
497	294	1
497	307	1
497	722	1
497	357	1
497	770	1
497	716	1
497	347	1
497	466	1
497	369	1
497	261	1
498	634	1
498	870	1
498	48	1
498	956	1
498	972	1
498	470	1
498	759	1
498	33	1
498	588	1
498	287	1
498	424	1
498	932	1
499	162	1
499	646	1
499	765	1
499	735	1
499	275	1
499	31	1
499	208	1
499	880	1
499	359	1
499	569	1
499	429	1
499	348	1
499	304	1
499	100	1
500	519	1
500	534	1
500	375	1
500	402	1
500	719	1
501	639	1
501	940	1
501	897	1
501	816	1
501	650	1
501	555	1
501	268	1
501	38	1
501	893	1
501	181	1
501	456	1
502	28	1
503	130	1
503	712	1
503	238	1
503	475	1
503	831	1
503	801	1
503	153	1
504	286	1
504	86	1
504	719	1
505	605	1
505	235	1
505	127	1
505	967	1
505	780	1
505	54	1
505	572	1
505	516	1
505	121	1
505	538	1
505	63	1
506	394	1
506	31	1
506	611	1
506	772	1
506	941	1
506	273	1
506	258	1
506	91	1
506	18	1
506	796	1
506	914	1
506	880	1
506	650	1
506	995	1
506	760	1
506	171	1
507	711	1
507	881	1
507	48	1
507	741	1
507	957	1
507	246	1
507	473	1
507	588	1
507	637	1
507	636	1
507	786	1
507	917	1
507	171	1
507	793	1
508	732	1
508	843	1
508	389	1
508	38	1
508	281	1
508	593	1
508	733	1
508	557	1
508	376	1
508	37	1
508	451	1
508	455	1
508	532	1
509	91	1
509	280	1
509	227	1
509	796	1
509	987	1
509	501	1
509	531	1
509	21	1
509	787	1
509	4	1
509	132	1
509	840	1
509	931	1
509	281	1
509	636	1
509	317	1
509	107	1
509	716	1
509	524	1
510	343	1
510	967	1
510	407	1
510	848	1
511	4	1
511	147	1
511	890	1
511	558	1
511	414	1
511	635	1
511	126	1
511	348	1
511	89	1
512	153	1
512	144	1
512	146	1
512	860	1
512	210	1
512	895	1
512	942	1
512	388	1
512	684	1
513	243	1
513	744	1
513	487	1
513	296	1
514	864	1
514	267	1
514	903	1
514	41	1
514	679	1
514	859	1
515	872	1
515	400	1
516	996	1
516	988	1
516	872	1
517	257	1
517	583	1
517	351	1
517	866	1
517	728	1
518	996	1
518	102	1
518	71	1
518	287	1
518	588	1
518	935	1
519	875	1
519	961	1
519	677	1
519	51	1
519	626	1
519	801	1
519	822	1
519	977	1
519	702	1
520	663	1
520	751	1
520	665	1
520	38	1
520	251	1
520	697	1
520	877	1
520	260	1
520	122	1
520	847	1
520	496	1
520	497	1
520	806	1
520	987	1
520	698	1
520	200	1
521	641	1
521	556	1
521	602	1
521	843	1
521	342	1
521	732	1
521	545	1
521	906	1
521	816	1
521	796	1
521	575	1
521	869	1
522	802	1
522	196	1
523	246	1
523	468	1
523	15	1
523	965	1
523	811	1
523	482	1
524	929	1
524	149	1
524	147	1
524	733	1
524	635	1
524	317	1
524	240	1
524	722	1
524	174	1
524	465	1
524	320	1
524	830	1
525	983	1
525	994	1
525	911	1
526	736	1
526	98	1
526	359	1
526	957	1
526	459	1
526	451	1
526	335	1
526	404	1
526	682	1
526	23	1
527	736	1
528	248	1
528	254	1
528	67	1
528	930	1
528	851	1
528	154	1
528	13	1
528	318	1
528	324	1
528	120	1
528	543	1
528	864	1
529	73	1
529	205	1
529	894	1
530	978	1
530	537	1
530	468	1
530	381	1
530	305	1
530	76	1
530	711	1
530	709	1
530	80	1
530	878	1
530	53	1
530	252	1
530	691	1
531	261	1
531	357	1
531	906	1
531	38	1
531	892	1
531	397	1
531	274	1
531	464	1
531	808	1
531	67	1
531	55	1
531	772	1
531	620	1
531	582	1
531	982	1
532	175	1
532	625	1
532	190	1
532	650	1
532	274	1
532	31	1
532	560	1
532	873	1
532	890	1
532	771	1
532	718	1
532	733	1
532	808	1
532	344	1
532	431	1
532	931	1
533	481	1
533	57	1
533	553	1
533	546	1
534	83	1
534	946	1
534	104	1
534	871	1
534	831	1
535	982	1
535	348	1
535	174	1
535	337	1
535	650	1
535	698	1
535	499	1
535	771	1
535	837	1
535	835	1
535	884	1
535	240	1
535	555	1
535	307	1
535	780	1
535	596	1
535	35	1
536	924	1
536	212	1
536	577	1
537	865	1
537	609	1
537	709	1
537	881	1
537	298	1
537	856	1
537	538	1
537	74	1
537	548	1
537	472	1
538	323	1
538	116	1
538	967	1
538	454	1
538	105	1
538	949	1
538	670	1
538	951	1
539	129	1
539	676	1
539	966	1
540	90	1
540	912	1
540	965	1
540	446	1
540	674	1
540	23	1
541	551	1
541	890	1
541	814	1
541	294	1
541	987	1
541	657	1
541	175	1
541	423	1
541	273	1
541	260	1
541	511	1
541	751	1
542	493	1
542	20	1
542	366	1
542	305	1
542	551	1
542	755	1
542	390	1
542	682	1
542	237	1
542	953	1
543	324	1
543	164	1
543	316	1
543	484	1
543	282	1
543	828	1
543	462	1
543	264	1
544	625	1
544	242	1
544	279	1
544	627	1
544	730	1
544	563	1
544	883	1
544	665	1
544	909	1
544	334	1
544	268	1
544	558	1
544	78	1
544	664	1
544	560	1
544	178	1
545	806	1
545	268	1
545	760	1
545	110	1
545	716	1
545	215	1
545	506	1
545	4	1
545	697	1
545	665	1
545	348	1
545	176	1
545	680	1
546	193	1
546	367	1
546	766	1
546	975	1
547	879	1
547	968	1
547	655	1
547	515	1
547	872	1
547	658	1
547	190	1
548	225	1
548	988	1
548	442	1
548	540	1
548	384	1
548	614	1
548	246	1
548	323	1
548	61	1
548	754	1
548	66	1
549	428	1
549	405	1
549	5	1
549	518	1
549	730	1
550	247	1
550	423	1
550	215	1
550	641	1
550	880	1
550	924	1
550	545	1
550	796	1
550	294	1
550	555	1
551	835	1
551	22	1
551	837	1
551	423	1
551	506	1
551	824	1
551	907	1
551	178	1
551	357	1
551	429	1
551	227	1
551	947	1
551	275	1
551	356	1
551	499	1
552	851	1
552	915	1
552	440	1
552	845	1
552	95	1
553	990	1
553	227	1
553	625	1
553	624	1
553	751	1
553	914	1
553	171	1
553	924	1
553	509	1
553	263	1
553	840	1
553	242	1
553	521	1
553	698	1
553	401	1
553	289	1
554	539	1
554	225	1
554	997	1
554	694	1
554	603	1
554	492	1
555	639	1
555	233	1
555	783	1
555	220	1
555	261	1
555	37	1
555	511	1
555	431	1
556	751	1
556	560	1
556	118	1
556	285	1
556	580	1
556	338	1
556	593	1
556	914	1
556	260	1
556	995	1
556	200	1
557	501	1
557	220	1
557	602	1
557	181	1
557	288	1
557	263	1
557	22	1
557	686	1
557	883	1
557	496	1
558	765	1
558	847	1
558	928	1
558	835	1
558	188	1
558	638	1
558	734	1
558	227	1
558	401	1
558	296	1
558	9	1
558	394	1
558	579	1
559	323	1
559	564	1
559	673	1
559	956	1
559	197	1
559	485	1
559	609	1
559	235	1
559	98	1
559	468	1
560	304	1
560	190	1
560	199	1
560	829	1
560	44	1
560	347	1
560	551	1
560	348	1
560	807	1
560	553	1
560	253	1
560	55	1
560	4	1
560	862	1
560	47	1
560	686	1
560	1000	1
560	358	1
561	545	1
561	819	1
561	669	1
561	372	1
562	39	1
562	367	1
562	450	1
562	938	1
562	820	1
562	591	1
563	85	1
563	570	1
563	778	1
563	858	1
563	796	1
563	840	1
563	389	1
563	556	1
563	385	1
563	110	1
563	560	1
564	338	1
564	454	1
564	442	1
564	755	1
564	109	1
564	741	1
564	61	1
564	680	1
564	711	1
564	33	1
564	954	1
564	452	1
564	759	1
565	655	1
565	548	1
565	76	1
565	780	1
565	424	1
565	996	1
565	898	1
565	669	1
565	15	1
565	298	1
565	472	1
566	583	1
566	392	1
566	848	1
566	94	1
566	111	1
567	984	1
567	37	1
567	853	1
567	199	1
567	716	1
567	929	1
567	580	1
567	602	1
567	807	1
567	687	1
567	760	1
567	783	1
567	765	1
567	114	1
567	999	1
567	642	1
567	173	1
567	556	1
568	683	1
568	118	1
568	782	1
568	774	1
568	607	1
569	173	1
569	126	1
569	878	1
569	558	1
569	251	1
569	273	1
569	580	1
569	762	1
569	823	1
569	620	1
569	873	1
570	220	1
570	294	1
570	550	1
570	947	1
570	941	1
570	620	1
570	387	1
570	62	1
570	240	1
570	233	1
570	178	1
570	242	1
570	167	1
570	733	1
570	765	1
570	347	1
570	175	1
570	625	1
571	779	1
571	382	1
571	419	1
571	551	1
572	632	1
572	811	1
572	451	1
572	265	1
572	526	1
573	544	1
573	934	1
573	226	1
573	24	1
573	494	1
573	25	1
574	796	1
574	686	1
574	3	1
574	190	1
574	807	1
574	808	1
574	556	1
574	890	1
574	369	1
574	557	1
574	185	1
574	114	1
574	102	1
574	593	1
575	215	1
575	901	1
575	550	1
575	909	1
575	827	1
575	623	1
575	221	1
575	939	1
575	532	1
575	724	1
575	883	1
575	58	1
575	228	1
575	620	1
575	7	1
575	687	1
575	401	1
575	555	1
575	611	1
575	38	1
575	761	1
575	347	1
576	91	1
576	178	1
576	556	1
576	829	1
576	421	1
576	772	1
576	664	1
576	22	1
576	251	1
576	275	1
576	59	1
577	51	1
577	377	1
577	876	1
577	882	1
578	623	1
578	756	1
578	584	1
578	183	1
578	375	1
578	106	1
578	831	1
578	286	1
578	133	1
579	623	1
579	261	1
579	602	1
579	227	1
579	783	1
579	273	1
579	4	1
579	747	1
579	535	1
579	843	1
579	625	1
579	350	1
579	941	1
579	840	1
579	465	1
579	429	1
579	829	1
580	178	1
580	348	1
580	307	1
580	275	1
580	456	1
580	814	1
580	639	1
580	664	1
580	929	1
580	294	1
580	200	1
580	429	1
580	37	1
580	806	1
580	100	1
580	856	1
581	552	1
581	896	1
581	245	1
581	96	1
581	964	1
582	734	1
582	188	1
582	945	1
582	369	1
582	233	1
582	827	1
582	783	1
582	545	1
582	289	1
582	577	1
582	924	1
582	179	1
582	110	1
582	969	1
582	575	1
583	309	1
583	998	1
583	193	1
583	8	1
584	301	1
584	488	1
584	286	1
584	785	1
584	601	1
585	302	1
585	647	1
585	672	1
585	388	1
585	998	1
585	12	1
585	97	1
585	144	1
585	767	1
586	300	1
587	187	1
587	835	1
587	248	1
587	239	1
587	158	1
587	254	1
587	573	1
587	322	1
587	849	1
587	543	1
588	746	1
588	129	1
588	599	1
588	224	1
588	518	1
588	468	1
588	885	1
588	709	1
588	493	1
588	116	1
588	265	1
588	144	1
588	653	1
589	789	1
589	270	1
589	254	1
590	855	1
590	232	1
590	865	1
590	951	1
591	274	1
592	24	1
592	663	1
592	859	1
592	440	1
592	70	1
592	276	1
593	602	1
593	421	1
593	385	1
593	320	1
593	995	1
593	188	1
593	348	1
593	891	1
593	624	1
593	987	1
593	268	1
593	110	1
593	212	1
593	771	1
594	351	1
594	125	1
594	882	1
594	212	1
595	554	1
595	305	1
595	427	1
595	897	1
595	964	1
595	223	1
595	159	1
596	457	1
596	724	1
596	38	1
596	199	1
596	508	1
596	55	1
596	171	1
596	914	1
596	971	1
596	1000	1
596	78	1
596	370	1
596	114	1
596	477	1
596	227	1
596	162	1
596	777	1
596	732	1
597	884	1
597	45	1
598	914	1
598	937	1
598	292	1
598	256	1
598	763	1
599	291	1
599	391	1
600	737	1
600	222	1
600	991	1
600	685	1
600	295	1
600	739	1
601	936	1
601	977	1
601	231	1
601	403	1
601	866	1
601	103	1
601	242	1
601	64	1
601	45	1
601	671	1
601	475	1
602	270	1
602	173	1
602	569	1
602	686	1
602	381	1
602	240	1
602	567	1
602	862	1
602	892	1
602	281	1
602	901	1
602	557	1
602	379	1
602	947	1
602	665	1
602	638	1
602	296	1
602	593	1
602	50	1
602	577	1
603	214	1
603	518	1
603	399	1
603	435	1
603	51	1
603	39	1
604	282	1
604	851	1
604	134	1
604	994	1
604	278	1
604	13	1
604	222	1
605	33	1
605	958	1
605	490	1
605	682	1
605	850	1
605	384	1
605	989	1
605	179	1
605	805	1
605	426	1
605	530	1
605	505	1
606	738	1
606	254	1
606	25	1
606	615	1
606	910	1
606	894	1
606	907	1
607	763	1
607	749	1
607	362	1
607	868	1
607	226	1
607	966	1
607	65	1
607	159	1
609	948	1
609	442	1
609	898	1
609	799	1
609	805	1
609	116	1
610	822	1
610	172	1
610	408	1
610	828	1
610	946	1
610	11	1
611	878	1
611	429	1
611	862	1
611	107	1
611	520	1
611	200	1
611	509	1
611	686	1
611	602	1
612	610	1
612	475	1
612	231	1
612	519	1
612	262	1
613	126	1
613	903	1
613	751	1
613	339	1
614	542	1
614	454	1
614	661	1
614	333	1
614	117	1
614	833	1
614	670	1
614	71	1
614	935	1
614	253	1
614	951	1
614	668	1
615	938	1
615	316	1
615	351	1
615	802	1
615	478	1
615	111	1
616	177	1
616	302	1
617	549	1
618	217	1
618	111	1
618	210	1
618	146	1
618	346	1
618	562	1
618	728	1
618	902	1
619	575	1
619	878	1
619	215	1
619	233	1
619	307	1
619	401	1
619	247	1
619	959	1
619	410	1
620	270	1
620	414	1
620	928	1
620	7	1
620	551	1
620	141	1
620	934	1
620	704	1
620	174	1
620	687	1
620	724	1
620	423	1
621	297	1
621	432	1
621	148	1
621	35	1
622	513	1
622	45	1
622	362	1
622	446	1
623	337	1
623	582	1
623	939	1
623	347	1
623	771	1
623	940	1
623	497	1
623	998	1
623	178	1
623	984	1
623	560	1
623	796	1
623	280	1
623	275	1
623	477	1
623	185	1
624	220	1
624	945	1
624	3	1
624	477	1
624	981	1
624	704	1
624	97	1
624	914	1
624	383	1
624	176	1
624	535	1
624	263	1
624	880	1
624	126	1
624	307	1
624	795	1
624	627	1
624	593	1
625	89	1
625	240	1
625	350	1
625	342	1
625	981	1
625	524	1
625	723	1
625	893	1
625	162	1
625	47	1
625	697	1
625	55	1
625	795	1
625	739	1
625	3	1
626	203	1
626	83	1
626	403	1
626	750	1
626	519	1
627	147	1
627	263	1
627	623	1
627	510	1
627	337	1
627	360	1
627	929	1
627	122	1
627	350	1
627	924	1
628	183	1
628	437	1
628	863	1
628	504	1
629	139	1
629	171	1
629	274	1
629	558	1
629	483	1
629	220	1
629	270	1
629	945	1
629	369	1
629	835	1
629	401	1
629	422	1
629	499	1
630	227	1
630	248	1
630	75	1
630	606	1
630	41	1
630	864	1
630	370	1
631	333	1
631	693	1
631	467	1
631	637	1
632	609	1
632	404	1
632	507	1
632	755	1
632	861	1
632	540	1
633	571	1
633	408	1
633	128	1
633	76	1
633	238	1
633	601	1
633	909	1
633	584	1
634	965	1
634	523	1
634	602	1
634	121	1
634	93	1
634	670	1
634	799	1
634	305	1
635	355	1
635	973	1
635	47	1
635	837	1
635	808	1
635	641	1
635	544	1
635	699	1
635	550	1
635	877	1
636	959	1
636	761	1
636	280	1
636	909	1
636	350	1
636	659	1
636	657	1
636	716	1
636	422	1
636	261	1
636	664	1
636	560	1
636	201	1
636	91	1
637	175	1
637	549	1
637	405	1
637	238	1
638	664	1
638	497	1
638	91	1
638	928	1
638	777	1
638	300	1
638	89	1
638	686	1
638	724	1
638	178	1
638	804	1
638	627	1
638	456	1
639	110	1
639	969	1
639	751	1
639	477	1
639	646	1
639	541	1
639	427	1
639	924	1
639	837	1
639	350	1
639	953	1
639	225	1
639	178	1
640	402	1
640	601	1
641	940	1
641	97	1
641	190	1
641	814	1
641	344	1
641	337	1
641	100	1
641	307	1
641	342	1
641	275	1
641	7	1
641	227	1
641	260	1
641	261	1
641	347	1
642	110	1
642	208	1
642	7	1
642	569	1
642	770	1
642	869	1
642	215	1
642	665	1
642	255	1
642	807	1
642	878	1
642	575	1
642	704	1
642	350	1
642	236	1
642	199	1
642	890	1
642	824	1
643	87	1
643	904	1
643	844	1
644	169	1
644	377	1
644	434	1
644	577	1
644	513	1
644	212	1
644	718	1
645	541	1
645	413	1
645	229	1
645	363	1
645	469	1
645	506	1
646	687	1
646	369	1
646	496	1
646	574	1
646	178	1
646	229	1
646	835	1
646	143	1
646	429	1
646	479	1
646	620	1
646	119	1
646	97	1
647	436	1
647	450	1
647	309	1
647	728	1
647	346	1
647	367	1
648	688	1
648	386	1
648	297	1
648	119	1
648	825	1
648	990	1
648	750	1
648	104	1
648	503	1
649	301	1
650	7	1
650	358	1
650	1000	1
650	550	1
650	22	1
650	808	1
650	275	1
650	342	1
650	914	1
650	829	1
650	816	1
651	502	1
652	804	1
652	212	1
652	943	1
653	546	1
653	36	1
653	861	1
653	588	1
653	888	1
653	52	1
653	564	1
653	548	1
654	211	1
654	364	1
654	503	1
654	166	1
654	757	1
655	444	1
657	640	1
657	327	1
657	150	1
657	840	1
657	717	1
657	589	1
657	164	1
657	682	1
658	872	1
658	961	1
659	984	1
659	602	1
659	414	1
659	479	1
659	796	1
659	883	1
659	816	1
659	304	1
659	674	1
659	840	1
659	909	1
659	270	1
659	347	1
659	593	1
660	2	1
660	191	1
661	490	1
661	261	1
661	709	1
661	252	1
661	972	1
661	932	1
662	797	1
662	525	1
663	545	1
663	221	1
663	928	1
663	639	1
663	225	1
663	97	1
663	524	1
663	275	1
663	787	1
663	830	1
663	201	1
663	808	1
663	47	1
663	347	1
663	162	1
663	227	1
663	732	1
663	969	1
663	397	1
663	501	1
664	50	1
664	835	1
664	521	1
664	646	1
664	620	1
664	959	1
664	580	1
664	947	1
664	878	1
664	987	1
664	762	1
664	474	1
664	236	1
664	877	1
665	38	1
665	466	1
665	18	1
665	929	1
665	760	1
665	664	1
665	555	1
665	931	1
665	240	1
665	215	1
665	479	1
665	506	1
666	776	1
666	780	1
666	266	1
666	944	1
666	559	1
667	258	1
668	599	1
668	917	1
668	90	1
668	71	1
668	359	1
668	776	1
668	40	1
668	338	1
669	363	1
669	234	1
669	496	1
669	391	1
669	863	1
669	109	1
670	61	1
670	505	1
670	666	1
670	416	1
670	323	1
670	889	1
670	912	1
670	454	1
670	287	1
670	335	1
670	373	1
671	799	1
671	780	1
671	661	1
671	459	1
671	609	1
671	285	1
671	934	1
671	98	1
671	454	1
671	424	1
671	674	1
671	898	1
672	639	1
672	725	1
672	193	1
672	356	1
672	689	1
672	812	1
672	902	1
673	516	1
673	93	1
673	136	1
673	833	1
673	699	1
673	305	1
673	759	1
673	20	1
673	548	1
673	600	1
673	468	1
673	266	1
673	63	1
674	988	1
674	298	1
674	954	1
674	525	1
674	989	1
674	833	1
674	16	1
674	565	1
675	245	1
675	331	1
675	606	1
675	705	1
675	13	1
675	849	1
675	724	1
676	213	1
676	427	1
676	115	1
676	449	1
676	774	1
676	541	1
677	571	1
677	518	1
677	99	1
678	255	1
678	895	1
678	217	1
678	942	1
678	462	1
678	383	1
679	268	1
679	904	1
679	187	1
679	979	1
679	826	1
679	150	1
679	195	1
680	588	1
680	426	1
680	485	1
680	482	1
680	16	1
680	490	1
680	978	1
680	670	1
681	18	1
681	114	1
681	771	1
681	659	1
681	716	1
681	261	1
681	174	1
681	646	1
681	521	1
681	387	1
681	734	1
681	596	1
681	501	1
681	149	1
681	762	1
681	1000	1
681	194	1
681	619	1
681	431	1
681	862	1
681	635	1
681	804	1
681	733	1
681	342	1
682	142	1
682	424	1
682	653	1
682	354	1
682	20	1
682	252	1
682	36	1
682	548	1
682	15	1
682	143	1
682	680	1
683	757	1
683	83	1
683	160	1
684	583	1
684	693	1
684	377	1
685	774	1
685	150	1
685	494	1
685	484	1
685	952	1
685	679	1
685	864	1
686	639	1
686	545	1
686	496	1
686	995	1
686	869	1
686	422	1
686	532	1
686	227	1
686	580	1
686	332	1
686	796	1
686	619	1
686	199	1
686	200	1
686	330	1
686	466	1
686	563	1
686	306	1
686	806	1
686	620	1
687	823	1
687	139	1
687	914	1
687	499	1
687	602	1
687	794	1
687	847	1
687	905	1
687	625	1
687	567	1
687	596	1
687	185	1
687	385	1
687	981	1
687	497	1
687	397	1
687	541	1
687	334	1
687	521	1
688	297	1
688	534	1
688	60	1
688	508	1
688	375	1
688	961	1
689	902	1
689	211	1
689	309	1
689	769	1
689	616	1
690	128	1
690	683	1
690	286	1
690	825	1
690	265	1
691	473	1
691	605	1
691	112	1
691	956	1
691	670	1
691	223	1
691	446	1
691	108	1
691	523	1
691	23	1
691	498	1
692	24	1
692	75	1
692	845	1
692	673	1
693	41	1
693	405	1
693	950	1
694	639	1
694	64	1
694	725	1
694	367	1
694	470	1
694	798	1
694	151	1
694	954	1
695	363	1
695	430	1
695	437	1
696	180	1
696	980	1
696	427	1
696	362	1
696	159	1
696	736	1
696	997	1
696	322	1
697	878	1
697	698	1
697	280	1
697	334	1
697	126	1
697	718	1
697	570	1
697	663	1
697	379	1
697	55	1
697	236	1
697	827	1
697	423	1
697	553	1
697	233	1
697	783	1
697	357	1
698	602	1
698	242	1
698	724	1
698	429	1
698	515	1
698	686	1
698	906	1
698	816	1
698	901	1
698	334	1
698	483	1
699	482	1
699	786	1
699	10	1
699	821	1
699	198	1
699	741	1
699	912	1
699	572	1
699	237	1
699	454	1
699	888	1
699	564	1
699	870	1
700	368	1
701	711	1
701	127	1
701	66	1
701	225	1
701	505	1
701	235	1
701	954	1
701	266	1
701	370	1
702	738	1
702	985	1
702	329	1
702	528	1
702	371	1
702	994	1
702	589	1
703	577	1
703	667	1
704	973	1
704	773	1
704	521	1
704	931	1
704	945	1
704	623	1
704	357	1
704	772	1
704	397	1
704	829	1
704	307	1
704	642	1
704	9	1
704	934	1
704	455	1
704	697	1
704	317	1
704	853	1
704	37	1
704	636	1
704	698	1
704	157	1
704	893	1
705	528	1
705	606	1
705	102	1
705	234	1
705	96	1
706	115	1
706	417	1
706	578	1
706	260	1
706	272	1
706	767	1
706	79	1
706	612	1
707	441	1
707	171	1
707	428	1
708	418	1
708	747	1
708	198	1
708	154	1
708	497	1
709	965	1
709	653	1
709	127	1
709	559	1
709	956	1
709	48	1
709	614	1
709	847	1
709	225	1
710	822	1
710	386	1
710	750	1
710	43	1
710	648	1
710	575	1
711	788	1
711	485	1
711	567	1
711	564	1
711	833	1
711	518	1
711	473	1
711	487	1
711	16	1
712	6	1
712	417	1
712	172	1
712	11	1
712	280	1
713	351	1
713	393	1
713	464	1
713	341	1
714	473	1
714	325	1
714	565	1
714	674	1
714	588	1
714	507	1
714	113	1
714	833	1
714	788	1
714	861	1
714	498	1
715	177	1
715	962	1
715	193	1
715	81	1
715	591	1
716	830	1
716	348	1
716	732	1
716	365	1
716	252	1
716	619	1
716	981	1
717	933	1
717	101	1
717	600	1
717	606	1
717	282	1
717	327	1
717	187	1
718	947	1
718	907	1
718	55	1
718	218	1
718	260	1
718	4	1
718	607	1
718	563	1
718	698	1
718	374	1
718	357	1
718	982	1
719	417	1
719	504	1
719	153	1
719	841	1
719	204	1
720	133	1
720	340	1
720	723	1
720	186	1
720	750	1
720	378	1
721	849	1
721	864	1
721	96	1
721	606	1
721	477	1
721	915	1
721	134	1
721	249	1
721	267	1
721	587	1
722	623	1
722	803	1
722	730	1
722	563	1
722	765	1
722	176	1
722	770	1
722	422	1
722	650	1
722	281	1
722	263	1
722	619	1
722	107	1
723	375	1
723	104	1
723	8	1
723	990	1
723	331	1
723	86	1
723	284	1
723	648	1
724	892	1
724	777	1
724	258	1
724	796	1
724	60	1
724	827	1
724	743	1
724	574	1
724	220	1
724	551	1
724	275	1
724	853	1
724	532	1
724	576	1
724	995	1
725	259	1
725	715	1
725	820	1
725	193	1
725	177	1
725	504	1
726	94	1
726	462	1
726	232	1
726	306	1
726	684	1
726	895	1
727	362	1
727	856	1
728	392	1
728	591	1
728	963	1
729	903	1
729	476	1
729	991	1
729	135	1
729	13	1
729	820	1
730	229	1
730	579	1
730	185	1
730	556	1
730	218	1
730	877	1
730	350	1
730	931	1
730	260	1
730	89	1
730	360	1
730	906	1
731	721	1
731	352	1
731	295	1
731	592	1
731	528	1
731	101	1
731	150	1
731	739	1
731	606	1
732	185	1
732	162	1
732	247	1
732	877	1
732	208	1
732	569	1
732	995	1
732	78	1
732	289	1
732	89	1
732	795	1
732	55	1
732	984	1
732	1000	1
732	650	1
732	751	1
732	358	1
733	294	1
733	317	1
733	506	1
733	307	1
733	228	1
733	681	1
733	91	1
733	924	1
733	545	1
733	240	1
734	765	1
734	827	1
734	839	1
735	512	1
735	465	1
735	865	1
735	931	1
735	647	1
735	217	1
735	373	1
736	435	1
736	727	1
736	65	1
736	813	1
736	17	1
736	223	1
736	527	1
736	782	1
737	216	1
738	286	1
738	352	1
738	737	1
738	794	1
739	638	1
739	75	1
739	703	1
739	952	1
739	923	1
739	467	1
739	592	1
739	738	1
739	427	1
739	41	1
739	643	1
740	495	1
740	439	1
741	958	1
741	714	1
741	887	1
741	224	1
741	691	1
741	634	1
741	33	1
742	329	1
742	324	1
742	158	1
742	514	1
743	431	1
743	555	1
743	59	1
743	200	1
743	847	1
743	270	1
743	348	1
743	326	1
743	506	1
745	770	1
745	654	1
745	262	1
745	43	1
746	881	1
746	59	1
746	701	1
746	507	1
746	265	1
747	513	1
747	589	1
747	506	1
747	205	1
747	69	1
748	534	1
748	714	1
749	527	1
749	399	1
749	443	1
750	688	1
750	706	1
750	831	1
750	386	1
750	35	1
750	411	1
751	535	1
751	620	1
751	839	1
751	466	1
751	89	1
751	773	1
751	893	1
751	294	1
751	227	1
751	273	1
751	555	1
751	270	1
751	346	1
751	181	1
751	304	1
751	91	1
751	307	1
752	202	1
753	608	1
753	936	1
754	670	1
754	74	1
754	426	1
754	793	1
754	72	1
754	253	1
754	957	1
755	974	1
755	526	1
755	776	1
755	927	1
755	680	1
755	759	1
755	454	1
755	61	1
755	491	1
755	714	1
756	375	1
756	286	1
756	710	1
756	11	1
756	553	1
756	745	1
756	115	1
756	402	1
756	778	1
757	412	1
757	626	1
757	946	1
757	748	1
758	505	1
758	168	1
758	312	1
758	615	1
758	146	1
758	521	1
758	57	1
758	151	1
758	388	1
758	962	1
758	566	1
758	735	1
759	691	1
759	538	1
759	912	1
759	136	1
759	776	1
759	454	1
759	354	1
759	974	1
759	108	1
759	384	1
760	521	1
760	78	1
760	175	1
760	770	1
760	582	1
760	718	1
760	751	1
760	824	1
760	839	1
760	365	1
760	945	1
760	730	1
760	765	1
760	357	1
760	455	1
760	247	1
760	623	1
760	762	1
761	532	1
761	743	1
761	567	1
761	941	1
761	553	1
761	626	1
761	317	1
761	558	1
761	421	1
761	730	1
761	902	1
761	892	1
761	273	1
761	107	1
761	953	1
761	982	1
761	139	1
762	401	1
762	642	1
762	452	1
762	765	1
762	806	1
762	268	1
762	939	1
762	270	1
762	574	1
762	97	1
762	629	1
762	638	1
762	523	1
762	1	1
762	924	1
762	869	1
762	294	1
763	46	1
763	180	1
763	163	1
763	243	1
763	362	1
763	727	1
763	805	1
763	774	1
763	986	1
764	500	1
764	945	1
764	70	1
765	220	1
765	999	1
765	268	1
765	47	1
765	576	1
765	401	1
765	97	1
765	185	1
765	624	1
765	520	1
765	659	1
765	878	1
765	456	1
766	154	1
766	151	1
766	81	1
767	508	1
767	151	1
768	453	1
768	192	1
769	817	1
769	315	1
769	744	1
769	290	1
769	445	1
770	960	1
770	580	1
770	215	1
770	38	1
770	570	1
770	732	1
770	783	1
770	91	1
770	969	1
770	843	1
770	261	1
770	574	1
771	858	1
771	686	1
771	681	1
771	531	1
771	342	1
771	229	1
771	320	1
771	4	1
771	718	1
771	189	1
771	289	1
771	281	1
771	111	1
771	185	1
771	551	1
771	173	1
771	973	1
771	268	1
772	892	1
772	342	1
772	91	1
772	334	1
772	545	1
772	914	1
772	273	1
772	659	1
772	1	1
773	928	1
773	839	1
773	806	1
773	456	1
773	947	1
773	563	1
773	431	1
773	21	1
773	853	1
773	909	1
773	171	1
773	7	1
774	222	1
775	118	1
775	475	1
775	172	1
775	6	1
776	673	1
776	108	1
776	468	1
776	989	1
776	799	1
776	485	1
776	116	1
776	653	1
776	473	1
777	9	1
777	830	1
777	445	1
777	174	1
777	716	1
777	229	1
777	296	1
777	220	1
777	509	1
777	722	1
777	268	1
777	170	1
777	877	1
778	461	1
778	186	1
778	779	1
779	115	1
779	6	1
779	801	1
780	235	1
780	105	1
780	197	1
780	673	1
780	680	1
780	319	1
780	373	1
780	446	1
780	179	1
781	667	1
781	231	1
781	234	1
782	554	1
782	14	1
782	62	1
782	282	1
782	17	1
783	147	1
783	773	1
783	397	1
783	141	1
783	174	1
783	520	1
783	307	1
783	624	1
783	853	1
783	924	1
783	873	1
783	423	1
783	365	1
783	379	1
783	619	1
783	236	1
783	357	1
784	428	1
784	965	1
784	754	1
784	505	1
785	408	1
785	6	1
785	104	1
785	284	1
786	965	1
786	51	1
786	967	1
786	548	1
786	526	1
786	788	1
786	881	1
786	66	1
787	455	1
787	288	1
787	294	1
787	722	1
787	909	1
787	997	1
787	456	1
787	260	1
787	982	1
787	596	1
787	569	1
787	431	1
787	663	1
788	632	1
788	986	1
788	10	1
788	709	1
788	48	1
788	799	1
788	490	1
788	507	1
788	389	1
788	360	1
789	742	1
789	282	1
789	867	1
789	857	1
789	222	1
789	739	1
789	798	1
789	484	1
790	73	1
790	230	1
790	708	1
790	69	1
791	380	1
791	366	1
791	542	1
791	98	1
791	498	1
791	935	1
791	957	1
791	253	1
791	416	1
791	23	1
791	287	1
792	435	1
792	621	1
792	738	1
792	970	1
792	70	1
793	359	1
793	786	1
793	129	1
793	948	1
793	767	1
793	888	1
793	152	1
793	53	1
793	246	1
793	694	1
793	755	1
793	16	1
793	332	1
793	224	1
793	142	1
794	24	1
794	800	1
794	543	1
794	464	1
795	835	1
795	162	1
795	823	1
795	847	1
795	273	1
795	602	1
795	429	1
795	288	1
795	611	1
795	255	1
795	873	1
795	347	1
795	4	1
796	181	1
796	155	1
796	385	1
796	9	1
796	296	1
796	443	1
796	294	1
796	551	1
796	532	1
797	198	1
797	885	1
797	424	1
797	911	1
798	728	1
798	518	1
798	591	1
798	219	1
798	647	1
799	63	1
799	958	1
799	389	1
799	105	1
799	870	1
799	370	1
799	338	1
799	965	1
799	711	1
799	112	1
799	54	1
799	72	1
799	780	1
800	934	1
800	991	1
800	729	1
800	249	1
800	604	1
800	845	1
800	101	1
800	910	1
801	996	1
801	204	1
802	269	1
802	592	1
802	24	1
802	295	1
802	80	1
803	78	1
803	905	1
803	194	1
803	369	1
803	771	1
803	374	1
803	203	1
803	719	1
803	579	1
803	347	1
803	892	1
803	877	1
803	466	1
803	344	1
803	982	1
803	273	1
803	796	1
803	455	1
803	823	1
804	773	1
804	838	1
804	973	1
804	326	1
804	771	1
804	250	1
804	181	1
804	220	1
804	558	1
804	770	1
804	330	1
804	553	1
805	776	1
805	537	1
805	451	1
805	505	1
805	265	1
805	821	1
805	605	1
805	74	1
805	889	1
806	149	1
806	905	1
806	280	1
806	349	1
806	796	1
806	541	1
806	194	1
806	641	1
806	358	1
806	122	1
806	141	1
806	198	1
806	940	1
806	376	1
807	423	1
807	221	1
807	847	1
807	294	1
807	883	1
807	140	1
807	878	1
807	901	1
807	814	1
807	762	1
807	827	1
807	334	1
807	550	1
807	760	1
808	545	1
808	724	1
808	761	1
808	506	1
808	270	1
808	171	1
808	431	1
808	337	1
808	205	1
808	348	1
808	477	1
808	829	1
809	568	1
809	113	1
809	48	1
809	818	1
809	793	1
809	10	1
809	759	1
810	812	1
810	302	1
810	758	1
810	383	1
811	666	1
811	237	1
811	468	1
811	848	1
811	929	1
811	224	1
811	784	1
812	672	1
813	527	1
813	853	1
813	409	1
813	174	1
813	427	1
814	122	1
814	773	1
814	959	1
814	901	1
814	823	1
814	357	1
814	553	1
814	969	1
814	509	1
814	722	1
814	263	1
814	808	1
814	563	1
814	733	1
814	334	1
814	939	1
814	9	1
814	280	1
814	281	1
814	37	1
814	847	1
814	659	1
814	387	1
815	766	1
815	838	1
815	725	1
815	168	1
816	200	1
816	423	1
816	50	1
816	280	1
816	893	1
816	765	1
816	907	1
816	261	1
817	355	1
817	529	1
817	536	1
817	703	1
817	449	1
817	923	1
817	521	1
817	667	1
817	652	1
818	889	1
818	703	1
818	127	1
818	72	1
818	784	1
818	780	1
819	486	1
819	695	1
819	706	1
820	715	1
820	583	1
820	975	1
820	678	1
820	733	1
820	7	1
821	615	1
821	287	1
821	699	1
821	447	1
821	198	1
821	459	1
821	755	1
821	485	1
821	714	1
821	746	1
821	16	1
821	285	1
822	723	1
822	79	1
822	839	1
822	831	1
822	640	1
822	56	1
822	67	1
822	204	1
822	779	1
823	620	1
823	840	1
823	194	1
823	338	1
823	772	1
823	787	1
823	722	1
823	641	1
823	783	1
823	901	1
823	118	1
824	326	1
824	227	1
824	337	1
824	864	1
824	375	1
824	646	1
824	575	1
824	9	1
824	635	1
824	147	1
824	627	1
824	89	1
825	971	1
825	375	1
825	577	1
825	419	1
825	578	1
825	712	1
825	475	1
826	589	1
826	657	1
826	933	1
826	187	1
827	414	1
827	347	1
827	535	1
827	240	1
827	198	1
827	783	1
827	580	1
827	281	1
827	718	1
828	729	1
828	58	1
828	101	1
828	794	1
828	382	1
828	170	1
829	114	1
829	751	1
829	31	1
829	186	1
829	200	1
829	240	1
829	730	1
829	218	1
829	97	1
829	596	1
829	423	1
829	926	1
829	76	1
829	376	1
829	228	1
830	901	1
830	422	1
830	642	1
830	561	1
830	535	1
830	360	1
830	659	1
830	173	1
830	840	1
830	574	1
830	508	1
830	421	1
830	379	1
830	320	1
830	141	1
831	442	1
831	746	1
831	779	1
831	836	1
831	6	1
832	492	1
832	676	1
832	399	1
832	159	1
833	142	1
833	124	1
833	759	1
833	4	1
833	505	1
833	709	1
834	51	1
834	836	1
834	831	1
834	115	1
835	807	1
835	686	1
835	176	1
835	178	1
835	275	1
835	580	1
835	733	1
835	941	1
835	524	1
835	496	1
835	987	1
835	194	1
835	431	1
836	262	1
836	961	1
836	83	1
836	104	1
837	903	1
837	639	1
837	435	1
837	579	1
837	771	1
837	326	1
837	593	1
837	496	1
837	824	1
837	31	1
837	357	1
837	762	1
837	501	1
837	531	1
838	33	1
838	949	1
838	755	1
838	23	1
838	384	1
838	266	1
838	613	1
839	307	1
839	824	1
839	814	1
839	173	1
839	795	1
839	999	1
839	762	1
839	611	1
839	233	1
839	859	1
839	369	1
840	251	1
840	78	1
840	174	1
840	509	1
840	982	1
840	746	1
840	181	1
840	247	1
840	350	1
840	268	1
840	117	1
840	31	1
840	783	1
840	208	1
840	853	1
840	765	1
841	160	1
841	886	1
841	500	1
841	688	1
842	727	1
842	243	1
842	832	1
842	90	1
843	139	1
843	280	1
843	369	1
843	823	1
843	743	1
843	730	1
843	999	1
843	342	1
843	596	1
843	563	1
843	615	1
843	550	1
843	627	1
843	837	1
844	672	1
844	470	1
844	210	1
844	735	1
844	583	1
845	131	1
845	41	1
845	916	1
845	826	1
845	739	1
845	543	1
845	919	1
846	842	1
846	876	1
846	813	1
846	522	1
847	320	1
847	877	1
847	429	1
847	3	1
847	483	1
847	642	1
847	697	1
847	804	1
847	376	1
848	973	1
848	349	1
848	735	1
848	87	1
849	592	1
849	120	1
849	24	1
849	318	1
849	742	1
849	903	1
850	298	1
850	644	1
850	965	1
850	653	1
850	917	1
850	266	1
850	755	1
850	746	1
850	776	1
850	559	1
851	994	1
851	382	1
851	111	1
851	903	1
851	915	1
851	284	1
852	413	1
852	128	1
852	923	1
853	233	1
853	350	1
853	143	1
853	171	1
853	320	1
853	639	1
853	344	1
853	479	1
853	524	1
853	558	1
853	575	1
853	971	1
854	884	1
854	645	1
854	37	1
854	193	1
855	425	1
855	318	1
855	132	1
856	786	1
856	682	1
856	33	1
856	605	1
856	542	1
856	530	1
856	755	1
856	325	1
856	442	1
857	866	1
857	672	1
857	735	1
857	259	1
857	346	1
857	334	1
857	947	1
858	869	1
858	229	1
858	270	1
858	17	1
858	95	1
858	374	1
858	971	1
858	348	1
858	531	1
858	524	1
858	931	1
858	619	1
858	622	1
858	260	1
858	379	1
858	3	1
858	762	1
858	175	1
858	50	1
858	320	1
858	38	1
859	494	1
859	187	1
859	352	1
859	316	1
859	592	1
859	467	1
859	589	1
859	930	1
859	267	1
859	657	1
860	349	1
860	474	1
860	566	1
860	672	1
860	462	1
861	246	1
861	526	1
861	949	1
861	98	1
861	548	1
861	54	1
861	253	1
861	192	1
861	498	1
861	252	1
861	888	1
862	969	1
862	78	1
862	7	1
862	201	1
862	100	1
862	735	1
862	602	1
862	693	1
862	928	1
862	247	1
862	337	1
862	501	1
862	914	1
863	781	1
863	363	1
863	791	1
863	547	1
863	133	1
864	440	1
864	269	1
864	195	1
864	823	1
864	484	1
865	848	1
865	346	1
865	354	1
865	450	1
866	349	1
866	168	1
866	689	1
866	804	1
866	356	1
866	470	1
866	71	1
866	650	1
866	209	1
867	929	1
867	343	1
867	310	1
867	428	1
868	986	1
868	313	1
869	973	1
869	796	1
869	354	1
869	59	1
869	281	1
869	421	1
869	342	1
869	697	1
869	296	1
869	240	1
869	939	1
869	550	1
870	680	1
870	850	1
870	76	1
870	954	1
870	632	1
870	666	1
870	127	1
870	354	1
871	375	1
871	439	1
871	166	1
871	719	1
872	156	1
872	400	1
872	85	1
873	452	1
873	188	1
873	334	1
873	162	1
873	796	1
873	963	1
873	617	1
873	421	1
873	892	1
873	816	1
873	141	1
874	655	1
874	704	1
875	750	1
875	529	1
875	720	1
875	51	1
876	738	1
876	443	1
876	196	1
876	549	1
876	736	1
877	394	1
877	501	1
877	268	1
877	126	1
877	164	1
877	149	1
877	97	1
877	945	1
877	215	1
877	697	1
877	387	1
878	385	1
878	532	1
878	228	1
878	1	1
878	803	1
878	914	1
878	924	1
878	147	1
878	639	1
878	928	1
878	233	1
878	579	1
879	502	1
879	177	1
879	461	1
880	89	1
880	201	1
880	414	1
880	858	1
880	218	1
880	107	1
880	804	1
880	304	1
880	724	1
880	619	1
880	553	1
880	391	1
880	642	1
880	289	1
880	360	1
880	892	1
880	455	1
880	114	1
880	97	1
880	771	1
880	200	1
881	505	1
881	366	1
881	359	1
881	944	1
881	63	1
882	293	1
882	747	1
882	817	1
883	91	1
883	773	1
883	171	1
883	385	1
883	830	1
883	221	1
883	960	1
883	803	1
883	890	1
883	497	1
884	32	1
884	892	1
885	2	1
885	926	1
885	202	1
886	8	1
886	77	1
886	690	1
886	871	1
887	63	1
887	381	1
887	505	1
887	906	1
887	793	1
887	323	1
887	935	1
887	447	1
888	537	1
888	384	1
888	482	1
888	129	1
888	15	1
888	820	1
888	10	1
888	473	1
888	786	1
888	127	1
888	16	1
889	951	1
889	10	1
889	442	1
889	761	1
889	20	1
889	634	1
889	473	1
889	112	1
889	152	1
889	759	1
890	627	1
890	511	1
890	521	1
890	218	1
890	155	1
890	642	1
890	337	1
890	878	1
890	118	1
890	240	1
890	200	1
890	477	1
891	927	1
891	658	1
891	597	1
891	363	1
892	483	1
892	861	1
892	334	1
892	906	1
892	829	1
892	914	1
892	317	1
892	190	1
892	827	1
892	941	1
892	270	1
892	339	1
892	200	1
892	956	1
893	350	1
893	320	1
893	174	1
893	110	1
893	89	1
893	1	1
893	261	1
893	190	1
893	376	1
893	143	1
893	59	1
893	837	1
893	839	1
893	307	1
893	149	1
893	422	1
893	639	1
893	804	1
893	268	1
893	334	1
894	279	1
894	319	1
894	73	1
894	285	1
894	230	1
895	904	1
895	57	1
895	725	1
895	12	1
895	647	1
895	726	1
896	25	1
896	278	1
896	34	1
896	222	1
896	910	1
896	494	1
896	249	1
896	75	1
897	813	1
897	125	1
898	20	1
898	889	1
898	33	1
898	634	1
898	61	1
898	389	1
899	964	1
899	483	1
900	231	1
900	503	1
900	710	1
900	618	1
900	720	1
900	519	1
901	664	1
901	296	1
901	176	1
901	89	1
901	246	1
901	576	1
901	877	1
901	620	1
901	466	1
901	941	1
901	925	1
901	208	1
901	9	1
901	268	1
901	873	1
901	110	1
901	808	1
901	563	1
901	761	1
902	346	1
902	436	1
902	99	1
902	844	1
902	546	1
902	975	1
902	591	1
902	848	1
903	994	1
903	382	1
903	245	1
903	322	1
903	75	1
903	849	1
903	679	1
903	722	1
904	310	1
904	684	1
904	812	1
904	672	1
904	820	1
904	533	1
905	973	1
905	558	1
905	337	1
905	508	1
905	220	1
905	171	1
905	326	1
906	940	1
906	837	1
906	524	1
906	840	1
906	78	1
906	200	1
906	479	1
906	959	1
906	853	1
906	945	1
906	337	1
906	189	1
906	642	1
907	350	1
907	466	1
907	806	1
907	55	1
907	476	1
907	596	1
907	557	1
907	114	1
907	829	1
907	718	1
907	778	1
907	724	1
907	531	1
907	334	1
908	679	1
908	10	1
908	552	1
908	952	1
908	934	1
908	717	1
908	604	1
908	69	1
908	282	1
909	839	1
909	344	1
909	941	1
909	456	1
909	173	1
909	273	1
909	431	1
909	520	1
909	10	1
909	281	1
910	552	1
910	440	1
910	979	1
910	48	1
911	621	1
911	132	1
911	792	1
911	56	1
912	759	1
912	805	1
912	609	1
912	891	1
912	74	1
912	949	1
912	237	1
912	220	1
912	117	1
912	786	1
912	614	1
913	293	1
913	925	1
913	73	1
913	817	1
913	445	1
913	418	1
914	296	1
914	535	1
914	619	1
914	880	1
914	176	1
914	247	1
914	9	1
914	320	1
914	465	1
914	401	1
914	357	1
914	521	1
914	835	1
914	289	1
914	625	1
914	307	1
914	904	1
914	563	1
914	260	1
914	743	1
914	729	1
914	602	1
914	251	1
915	154	1
915	145	1
915	25	1
915	245	1
915	316	1
916	780	1
916	991	1
916	276	1
916	587	1
916	994	1
916	382	1
916	67	1
917	426	1
917	198	1
917	16	1
917	833	1
917	116	1
917	490	1
917	967	1
918	219	1
918	114	1
918	689	1
918	210	1
918	963	1
918	536	1
919	327	1
919	484	1
919	239	1
919	130	1
919	248	1
919	75	1
919	282	1
919	581	1
920	364	1
920	502	1
920	430	1
921	768	1
922	17	1
922	900	1
922	726	1
923	520	1
923	580	1
924	823	1
924	596	1
924	483	1
924	862	1
924	387	1
925	622	1
925	769	1
925	644	1
926	353	1
926	380	1
926	211	1
926	764	1
926	249	1
927	577	1
927	671	1
927	603	1
927	746	1
927	447	1
927	949	1
927	833	1
927	380	1
927	673	1
928	869	1
928	611	1
928	357	1
928	21	1
928	545	1
928	635	1
928	762	1
928	935	1
928	663	1
928	981	1
928	495	1
929	998	1
929	611	1
929	545	1
929	837	1
929	627	1
929	21	1
929	858	1
929	576	1
929	91	1
929	379	1
929	743	1
929	636	1
930	859	1
930	282	1
930	864	1
930	721	1
930	675	1
930	145	1
930	239	1
931	173	1
931	716	1
931	636	1
931	236	1
931	576	1
931	803	1
931	171	1
931	31	1
931	181	1
931	354	1
931	567	1
931	261	1
932	559	1
932	788	1
932	325	1
932	498	1
932	711	1
932	833	1
932	741	1
932	10	1
932	323	1
932	996	1
932	972	1
932	404	1
932	799	1
933	467	1
933	282	1
933	41	1
934	264	1
934	789	1
934	606	1
934	587	1
934	396	1
934	204	1
935	74	1
935	537	1
935	52	1
935	682	1
935	446	1
935	958	1
935	71	1
935	389	1
937	744	1
937	765	1
938	346	1
938	151	1
938	678	1
938	962	1
938	168	1
938	694	1
938	123	1
938	209	1
939	174	1
939	731	1
939	929	1
939	840	1
939	969	1
939	334	1
939	686	1
939	240	1
939	126	1
939	762	1
939	369	1
939	837	1
939	330	1
939	233	1
939	348	1
939	773	1
939	824	1
940	227	1
940	394	1
940	311	1
940	641	1
940	357	1
940	294	1
940	1000	1
940	777	1
940	840	1
940	320	1
940	636	1
941	839	1
941	969	1
941	55	1
941	260	1
941	751	1
941	149	1
941	200	1
941	646	1
941	686	1
941	511	1
941	623	1
941	139	1
941	21	1
941	558	1
941	501	1
941	240	1
941	843	1
941	524	1
941	360	1
941	635	1
942	865	1
942	144	1
942	259	1
942	848	1
943	695	1
943	962	1
943	651	1
944	93	1
944	490	1
944	699	1
944	10	1
944	338	1
944	530	1
944	838	1
945	194	1
945	567	1
945	829	1
945	824	1
945	722	1
945	326	1
945	984	1
945	639	1
945	357	1
945	732	1
945	31	1
945	553	1
945	77	1
946	750	1
946	610	1
946	56	1
946	6	1
946	900	1
946	128	1
946	584	1
946	908	1
947	200	1
947	143	1
947	673	1
947	176	1
947	496	1
947	982	1
947	730	1
947	344	1
947	924	1
947	263	1
947	3	1
947	638	1
947	762	1
948	908	1
948	197	1
948	759	1
948	333	1
948	74	1
948	754	1
948	473	1
948	191	1
948	147	1
948	653	1
948	380	1
948	978	1
948	15	1
948	805	1
949	898	1
949	505	1
949	666	1
949	809	1
949	90	1
949	66	1
949	526	1
950	489	1
950	414	1
950	495	1
950	605	1
950	886	1
951	979	1
951	887	1
951	15	1
951	225	1
951	799	1
951	784	1
951	354	1
951	48	1
951	856	1
952	254	1
953	646	1
953	858	1
953	185	1
953	215	1
953	808	1
953	342	1
953	869	1
953	456	1
953	883	1
953	524	1
954	225	1
954	426	1
954	454	1
954	996	1
954	711	1
954	530	1
954	978	1
954	958	1
954	287	1
954	661	1
954	957	1
955	822	1
955	825	1
955	500	1
955	43	1
955	186	1
956	23	1
956	74	1
956	689	1
956	714	1
956	776	1
956	518	1
956	71	1
956	759	1
956	605	1
956	129	1
957	989	1
957	780	1
957	290	1
957	932	1
957	152	1
957	468	1
957	879	1
957	634	1
957	754	1
957	121	1
957	537	1
958	54	1
958	805	1
958	370	1
958	129	1
958	943	1
958	36	1
958	811	1
958	71	1
958	784	1
959	999	1
959	174	1
959	215	1
959	37	1
959	229	1
959	348	1
959	550	1
959	840	1
959	288	1
959	139	1
959	344	1
959	100	1
959	178	1
959	394	1
959	461	1
959	143	1
959	858	1
960	167	1
960	659	1
960	334	1
960	627	1
960	650	1
960	582	1
960	646	1
960	50	1
960	215	1
960	360	1
960	687	1
960	873	1
960	853	1
960	496	1
960	274	1
960	499	1
961	375	1
961	54	1
961	534	1
961	828	1
961	386	1
961	262	1
961	719	1
962	87	1
962	306	1
962	857	1
962	478	1
962	533	1
962	184	1
962	860	1
962	8	1
962	973	1
963	820	1
963	672	1
963	194	1
963	848	1
963	805	1
963	25	1
963	918	1
963	324	1
963	443	1
964	555	1
964	196	1
965	861	1
965	287	1
965	442	1
965	384	1
965	36	1
965	881	1
965	537	1
965	381	1
965	323	1
965	784	1
965	691	1
965	917	1
965	76	1
966	46	1
966	214	1
966	876	1
966	964	1
966	598	1
967	889	1
967	74	1
967	742	1
967	948	1
967	887	1
967	537	1
967	71	1
967	786	1
967	691	1
967	152	1
967	741	1
967	424	1
967	870	1
967	325	1
967	949	1
968	931	1
968	781	1
969	853	1
969	551	1
969	570	1
969	189	1
969	173	1
969	624	1
969	663	1
969	862	1
969	880	1
969	497	1
969	724	1
969	945	1
969	981	1
969	307	1
969	953	1
969	883	1
969	401	1
969	89	1
969	78	1
970	973	1
970	600	1
971	521	1
971	240	1
971	877	1
971	759	1
971	50	1
971	281	1
971	762	1
972	112	1
972	948	1
972	989	1
972	404	1
972	152	1
972	76	1
972	80	1
972	538	1
972	129	1
972	889	1
973	984	1
973	771	1
973	508	1
973	893	1
973	189	1
973	38	1
973	147	1
973	869	1
973	317	1
973	181	1
973	847	1
973	853	1
973	173	1
973	422	1
973	659	1
974	16	1
974	523	1
974	881	1
974	142	1
974	473	1
974	366	1
974	661	1
974	72	1
974	117	1
974	605	1
975	406	1
975	392	1
976	742	1
976	631	1
976	966	1
976	363	1
976	244	1
976	458	1
976	489	1
977	682	1
977	231	1
977	390	1
977	79	1
977	715	1
978	447	1
978	741	1
978	967	1
978	588	1
978	559	1
978	709	1
978	776	1
978	498	1
978	634	1
979	691	1
979	101	1
979	41	1
979	800	1
979	164	1
979	731	1
979	573	1
979	919	1
979	351	1
979	916	1
979	222	1
980	463	1
980	46	1
980	846	1
980	435	1
981	947	1
981	650	1
981	969	1
981	716	1
981	563	1
981	237	1
981	551	1
981	171	1
981	391	1
981	929	1
981	414	1
981	9	1
981	255	1
981	619	1
981	853	1
982	806	1
982	835	1
982	261	1
982	107	1
982	3	1
982	853	1
982	796	1
982	32	1
982	91	1
982	830	1
982	270	1
982	619	1
982	893	1
982	777	1
982	877	1
984	664	1
984	716	1
984	880	1
984	233	1
984	250	1
984	326	1
984	999	1
984	387	1
984	589	1
984	520	1
984	294	1
984	697	1
984	698	1
984	200	1
984	611	1
984	959	1
984	541	1
984	379	1
984	971	1
984	21	1
984	602	1
985	222	1
985	859	1
985	739	1
985	991	1
985	331	1
985	994	1
985	34	1
985	245	1
986	749	1
986	256	1
986	837	1
986	31	1
986	842	1
987	147	1
987	625	1
987	707	1
987	330	1
987	221	1
987	229	1
987	639	1
987	718	1
987	307	1
987	765	1
987	311	1
987	175	1
987	421	1
987	173	1
988	978	1
988	61	1
988	127	1
988	203	1
988	373	1
988	526	1
988	98	1
988	848	1
988	881	1
988	808	1
988	117	1
988	152	1
988	530	1
988	268	1
988	498	1
988	90	1
988	674	1
989	809	1
989	861	1
989	127	1
989	888	1
990	375	1
990	203	1
990	779	1
990	133	1
991	356	1
991	731	1
991	102	1
991	592	1
991	134	1
991	813	1
991	543	1
991	276	1
991	282	1
993	438	1
993	432	1
993	191	1
993	591	1
994	396	1
994	589	1
994	679	1
994	75	1
995	7	1
995	240	1
995	940	1
995	374	1
995	9	1
995	687	1
995	824	1
995	214	1
995	897	1
995	892	1
995	385	1
995	215	1
995	436	1
995	755	1
995	937	1
995	524	1
995	625	1
995	358	1
996	42	1
996	967	1
996	54	1
996	728	1
996	988	1
996	902	1
996	196	1
996	237	1
996	366	1
996	305	1
996	974	1
997	291	1
997	746	1
997	554	1
997	676	1
997	888	1
998	94	1
998	820	1
998	351	1
998	254	1
998	642	1
998	436	1
998	576	1
998	866	1
999	981	1
999	560	1
999	307	1
999	698	1
999	334	1
999	840	1
999	429	1
999	227	1
999	940	1
999	853	1
999	233	1
999	960	1
999	455	1
999	479	1
1000	722	1
1000	330	1
1000	9	1
1000	100	1
1000	824	1
1000	593	1
1000	288	1
1000	320	1
1000	97	1
1000	275	1
1000	783	1
1000	4	1
1000	704	1
